Draw,Date,Winning Number 1,Winning Number 2,Winning Number 3,Winning Number 4,Winning Number 5,Winning Number 6,Additional Number ,From Last,Odd,Even, 1-10, 11-20, 21-30, 31-40, 41-50,Division 1 Winners,Division 1 Prize,Division 2 Winners,Division 2 Prize,Division 3 Winners,Division 3 Prize,Division 4 Winners,Division 4 Prize,Division 5 Winners,Division 5 Prize,Division 6 Winners,Division 6 Prize,Division 7 Winners,Division 7 Prize
3766,19/5/2022,5,8,13,20,21,46,31,"21,46",3,3,2,2,1,0,1,1.0,5346307.0,7.0,78069.0,331.0,1136.0,712.0,288.0,14856.0,50.0,17820.0,25.0,242878.0,10.0
3765,16/5/2022,21,22,40,41,42,46,9,"41,46",2,4,0,0,2,1,3,0.0,0.0,1.0,336784.0,86.0,2693.0,284.0,445.0,5535.0,50.0,8646.0,25.0,106255.0,10.0
3764,12/5/2022,15,20,36,38,41,46,10,15,2,4,0,2,0,2,2,0.0,0.0,2.0,121139.0,95.0,1754.0,194.0,469.0,3928.0,50.0,5675.0,25.0,73058.0,10.0
3763,9/5/2022,5,12,15,21,30,39,6,39,4,2,1,2,2,1,0,1.0,1189046.0,5.0,50066.0,159.0,1083.0,482.0,195.0,7834.0,50.0,10850.0,25.0,117050.0,10.0
3762,5/5/2022,7,13,35,39,41,45,1,35,6,0,1,1,0,2,2,1.0,2826579.0,3.0,113058.0,107.0,2180.0,292.0,436.0,6063.0,50.0,8549.0,25.0,115244.0,10.0
3760,28/4/2022,5,6,11,16,22,37,44,"6,16",3,3,2,2,1,1,0,1.0,2756990.0,3.0,110152.0,201.0,1131.0,378.0,328.0,10301.0,50.0,9852.0,25.0,164343.0,10.0
3759,25/4/2022,6,16,26,32,39,47,23,"16,32",2,4,1,1,1,2,1,0.0,0.0,3.0,83322.0,81.0,2122.0,273.0,344.0,4349.0,50.0,7256.0,25.0,81710.0,10.0
3754,7/4/2022,1,7,10,28,31,44,9,"28,31",3,3,3,0,1,1,1,0.0,0.0,7.0,47300.0,214.0,1064.0,556.0,224.0,10184.0,50.0,16109.0,25.0,155269.0,10.0
3752,31/3/2022,1,4,10,22,24,45,47,10,2,4,3,0,2,0,1,1.0,2781896.0,3.0,111048.0,217.0,1056.0,319.0,392.0,10042.0,50.0,8531.0,25.0,155215.0,10.0
3751,28/3/2022,5,9,10,12,39,44,14,12,3,3,3,1,0,1,1,0.0,0.0,3.0,84174.0,127.0,1367.0,417.0,228.0,7934.0,50.0,9814.0,25.0,134743.0,10.0
3750,24/3/2022,3,12,15,22,34,45,2,22,3,3,1,2,1,1,1,2.0,575849.0,1.0,242463.0,98.0,1701.0,290.0,314.0,5039.0,50.0,9013.0,25.0,96486.0,10.0
3748,17/3/2022,5,7,30,42,47,49,17,"47,49",4,2,2,0,1,0,3,1.0,5321344.0,5.0,107186.0,210.0,1755.0,527.0,382.0,10901.0,50.0,16050.0,25.0,197240.0,10.0
3747,14/3/2022,19,37,38,45,47,49,25,45,5,1,0,1,0,2,3,0.0,0.0,2.0,168851.0,115.0,2019.0,288.0,440.0,6039.0,50.0,7562.0,25.0,109017.0,10.0
3745,7/3/2022,19,22,24,28,29,42,40,24,2,4,0,1,4,0,1,1.0,1226104.0,0.0,0.0,96.0,1849.0,225.0,431.0,5547.0,50.0,6138.0,25.0,98158.0,10.0
3741,21/2/2022,1,19,22,27,37,44,25,"1,19,37",4,2,1,1,2,1,1,0.0,0.0,3.0,90202.0,98.0,1899.0,254.0,400.0,5322.0,50.0,7042.0,25.0,101763.0,10.0
3740,17/2/2022,1,4,19,35,37,45,49,37,5,1,2,1,0,2,1,1.0,1296172.0,3.0,90960.0,83.0,2261.0,222.0,461.0,5034.0,50.0,6685.0,25.0,95178.0,10.0
3738,11/2/2022,9,13,14,16,18,28,10,28,2,4,1,4,1,0,0,8.0,2427114.0,42.0,77154.0,1630.0,1367.0,4426.0,275.0,78984.0,50.0,111163.0,25.0,1351914.0,10.0
3737,7/2/2022,1,11,17,28,32,35,44,"28,32",4,2,1,2,1,2,0,0.0,0.0,3.0,172377.0,182.0,1954.0,534.0,364.0,10860.0,50.0,14140.0,25.0,205036.0,10.0
3734,27/1/2022,7,21,27,30,32,34,39,32,3,3,1,0,3,2,0,0.0,0.0,4.0,66318.0,100.0,1824.0,269.0,370.0,5501.0,50.0,6925.0,25.0,104734.0,10.0
3733,24/1/2022,1,8,10,31,32,38,39,38,2,4,3,0,0,3,0,1.0,1204831.0,1.0,253649.0,156.0,1118.0,246.0,387.0,6622.0,50.0,6633.0,25.0,115576.0,10.0
3732,21/1/2022,2,4,11,13,28,38,49,"4,13",2,4,2,2,1,1,0,2.0,2576642.0,13.0,83454.0,542.0,1377.0,1121.0,363.0,26065.0,50.0,29592.0,25.0,459376.0,10.0
3731,17/1/2022,4,13,26,31,33,35,29,"26,35",4,2,1,1,1,3,0,1.0,1350206.0,2.0,142127.0,120.0,1629.0,267.0,400.0,5603.0,50.0,7667.0,25.0,104575.0,10.0
3729,10/1/2022,8,11,17,21,30,44,48,"8,11,44",3,3,1,2,2,0,1,2.0,5356938.0,14.0,85925.0,575.0,1439.0,1392.0,325.0,29819.0,50.0,35336.0,25.0,517225.0,10.0
3728,7/1/2022,3,8,11,20,44,49,32,20,3,3,2,2,0,0,2,0.0,0.0,11.0,91600.0,371.0,1868.0,1060.0,357.0,23143.0,50.0,28611.0,25.0,425620.0,10.0
3727,3/1/2022,6,12,20,33,46,47,49,12,2,4,1,2,0,1,2,1.0,2919972.0,3.0,122890.0,156.0,1625.0,323.0,429.0,7114.0,50.0,9046.0,25.0,138644.0,10.0
3726,30/12/2021,4,7,12,13,21,35,29,13,4,2,2,2,1,1,0,0.0,0.0,3.0,82021.0,150.0,1128.0,345.0,268.0,7493.0,50.0,9279.0,25.0,123300.0,10.0
3725,27/12/2021,3,9,13,23,24,44,7,44,4,2,2,1,2,0,1,1.0,1185706.0,2.0,124812.0,122.0,1407.0,390.0,241.0,6300.0,50.0,11817.0,25.0,111327.0,10.0
3722,16/12/2021,6,26,27,37,40,43,49,40,3,3,1,0,2,2,1,0.0,0.0,3.0,77843.0,72.0,2230.0,185.0,474.0,4258.0,50.0,4938.0,25.0,81139.0,10.0
3720,9/12/2021,1,17,30,31,42,43,46,"42,43",4,2,1,1,1,1,2,1.0,1131910.0,2.0,119149.0,90.0,1821.0,167.0,536.0,4036.0,50.0,4611.0,25.0,77536.0,10.0
3718,2/12/2021,6,12,22,23,40,49,25,12,2,4,1,1,2,1,1,0.0,0.0,2.0,156894.0,96.0,2248.0,321.0,367.0,6364.0,50.0,9236.0,25.0,124189.0,10.0
3717,29/11/2021,1,7,12,26,28,32,21,32,2,4,2,1,2,1,0,0.0,0.0,3.0,83354.0,124.0,1387.0,408.0,230.0,7062.0,50.0,10918.0,25.0,116758.0,10.0
3716,25/11/2021,6,20,27,32,40,44,4,20,1,5,1,1,1,2,1,2.0,562221.0,2.0,118363.0,85.0,1915.0,250.0,356.0,4148.0,50.0,6857.0,25.0,79308.0,10.0
3715,22/11/2021,1,3,16,20,35,41,5,1,4,2,2,2,0,1,1,1.0,2819063.0,5.0,71498.0,135.0,1821.0,461.0,291.0,6901.0,50.0,13117.0,25.0,129009.0,10.0
3714,18/11/2021,1,10,39,43,45,48,14,"43,48",4,2,2,0,0,1,3,0.0,0.0,3.0,78667.0,80.0,2029.0,188.0,471.0,3601.0,50.0,5278.0,25.0,73433.0,10.0
3713,15/11/2021,23,27,31,34,43,48,1,48,4,2,0,0,2,2,2,3.0,3612023.0,9.0,125589.0,471.0,1650.0,1090.0,389.0,22514.0,50.0,30093.0,25.0,405250.0,10.0
3712,11/11/2021,5,7,12,35,48,49,2,"7,35",4,2,2,1,0,1,2,0.0,0.0,5.0,105254.0,255.0,1419.0,558.0,354.0,11483.0,50.0,17055.0,25.0,208448.0,10.0
3711,8/11/2021,7,8,20,31,35,41,3,7,4,2,2,1,0,2,1,0.0,0.0,3.0,208239.0,141.0,1845.0,452.0,314.0,8018.0,50.0,13096.0,25.0,150381.0,10.0
3710,4/11/2021,7,18,22,36,44,45,30,"7,22",2,4,1,1,1,1,2,0.0,0.0,0.0,0.0,74.0,2291.0,165.0,561.0,4727.0,50.0,5881.0,25.0,85625.0,10.0
3707,25/10/2021,4,18,24,40,43,47,48,43,2,4,1,1,1,1,2,0.0,0.0,1.0,591737.0,110.0,2273.0,308.0,443.0,6344.0,50.0,8744.0,25.0,121688.0,10.0
3706,21/10/2021,7,22,23,25,42,43,18,23,4,2,1,0,3,0,2,0.0,0.0,0.0,0.0,97.0,1618.0,222.0,386.0,4758.0,50.0,6356.0,25.0,86642.0,10.0
3705,18/10/2021,5,23,24,27,44,49,26,24,4,2,1,0,3,0,2,2.0,5311505.0,13.0,85912.0,433.0,1774.0,1172.0,358.0,23344.0,50.0,32714.0,25.0,435069.0,10.0
3704,14/10/2021,10,15,16,24,45,47,19,10,3,3,1,2,1,0,2,0.0,0.0,1.0,542769.0,200.0,1866.0,537.0,380.0,10193.0,50.0,15011.0,25.0,194075.0,10.0
3703,11/10/2021,10,26,27,36,37,43,42,27,3,3,1,0,2,2,1,0.0,0.0,3.0,112326.0,122.0,1899.0,283.0,447.0,6278.0,50.0,8379.0,25.0,117929.0,10.0
3702,7/10/2021,1,27,28,39,40,49,33,"28,40",4,2,1,0,2,2,1,0.0,0.0,3.0,79941.0,87.0,1896.0,149.0,604.0,3723.0,50.0,4978.0,25.0,73922.0,10.0
3701,4/10/2021,10,14,28,30,35,40,6,"14,30",1,5,1,1,2,2,0,1.0,1187156.0,3.0,83310.0,99.0,1736.0,266.0,353.0,5204.0,50.0,7728.0,25.0,92549.0,10.0
3700,30/9/2021,5,8,14,26,30,44,47,44,1,5,2,1,2,0,1,1.0,2691213.0,2.0,162327.0,159.0,1404.0,320.0,381.0,8610.0,50.0,8227.0,25.0,152557.0,10.0
3699,27/9/2021,20,28,33,38,40,44,49,44,1,5,0,1,1,3,1,0.0,0.0,1.0,241919.0,60.0,2772.0,135.0,672.0,4068.0,50.0,5144.0,25.0,81524.0,10.0
3697,20/9/2021,3,6,10,16,33,49,1,10,3,3,3,1,0,1,1,0.0,0.0,2.0,169765.0,129.0,1810.0,512.0,249.0,7400.0,50.0,14268.0,25.0,139019.0,10.0
3695,13/9/2021,6,25,26,41,42,44,37,42,2,4,1,0,2,0,3,1.0,2770889.0,2.0,170168.0,101.0,2317.0,235.0,544.0,5810.0,50.0,7499.0,25.0,114428.0,10.0
3694,9/9/2021,5,19,30,33,37,42,38,33,4,2,1,1,1,2,1,0.0,0.0,1.0,243010.0,64.0,2611.0,193.0,473.0,4449.0,50.0,5867.0,25.0,83213.0,10.0
3692,2/9/2021,3,4,6,10,19,42,34,19,2,4,4,1,0,0,1,1.0,1118709.0,1.0,235518.0,148.0,1095.0,238.0,372.0,7333.0,50.0,6332.0,25.0,121898.0,10.0
3691,30/8/2021,19,23,24,27,36,37,17,"24,37",4,2,0,1,3,2,0,2.0,1437544.0,5.0,121057.0,125.0,2013.0,341.0,403.0,7439.0,50.0,11316.0,25.0,134571.0,10.0
3690,26/8/2021,5,18,24,37,38,49,35,5,3,3,1,1,1,2,1,0.0,0.0,0.0,0.0,87.0,1892.0,175.0,513.0,4043.0,50.0,5493.0,25.0,80576.0,10.0
3684,5/8/2021,3,17,19,23,32,38,7,23,4,2,1,2,1,2,0,1.0,1170107.0,4.0,61585.0,117.0,1448.0,335.0,276.0,5664.0,50.0,10214.0,25.0,98229.0,10.0
3683,2/8/2021,12,16,23,26,33,44,10,33,2,4,0,2,2,1,1,1.0,2821901.0,6.0,58212.0,152.0,1580.0,425.0,309.0,7199.0,50.0,10889.0,25.0,129327.0,10.0
3680,22/7/2021,1,21,26,38,44,45,17,"21,44",3,3,1,0,2,1,2,0.0,0.0,3.0,80708.0,56.0,2973.0,169.0,538.0,3667.0,50.0,5693.0,25.0,72787.0,10.0
3678,15/7/2021,3,5,9,14,23,26,20,23,4,2,3,1,2,0,0,0.0,0.0,4.0,795711.0,289.0,810.0,658.0,194.0,12696.0,50.0,15089.0,25.0,187995.0,10.0
3677,12/7/2021,18,19,23,24,38,45,27,23,3,3,0,2,2,1,1,0.0,0.0,4.0,64547.0,77.0,2306.0,203.0,477.0,4735.0,50.0,6380.0,25.0,91193.0,10.0
3676,8/7/2021,7,9,15,20,23,40,2,20,4,2,2,2,1,1,0,1.0,2841196.0,8.0,42795.0,198.0,1189.0,737.0,175.0,10404.0,50.0,16261.0,25.0,171425.0,10.0
3674,1/7/2021,4,5,9,17,31,34,8,31,4,2,3,1,0,2,0,1.0,2852539.0,7.0,48993.0,162.0,1456.0,573.0,225.0,8392.0,50.0,17221.0,25.0,149274.0,10.0
3672,24/6/2021,1,12,17,21,24,44,23,17,3,3,1,2,2,0,1,0.0,0.0,5.0,624113.0,161.0,1422.0,393.0,318.0,8452.0,50.0,10587.0,25.0,145992.0,10.0
3670,17/6/2021,5,12,15,30,38,43,33,5,3,3,1,2,1,1,1,0.0,0.0,7.0,432116.0,119.0,1857.0,403.0,300.0,7188.0,50.0,9153.0,25.0,134824.0,10.0
3669,14/6/2021,5,16,23,24,28,45,40,24,3,3,1,1,3,0,1,0.0,0.0,1.0,247721.0,86.0,1981.0,161.0,577.0,5436.0,50.0,5839.0,25.0,103081.0,10.0
3667,7/6/2021,7,14,23,31,39,41,33,"7,39",5,1,1,1,1,2,1,0.0,0.0,1.0,249782.0,99.0,1735.0,237.0,396.0,5357.0,50.0,6739.0,25.0,93856.0,10.0
3666,3/6/2021,1,7,21,26,30,39,40,30,4,2,2,0,3,1,0,1.0,1104725.0,2.0,116287.0,86.0,1860.0,251.0,348.0,5127.0,50.0,7224.0,25.0,97246.0,10.0
3663,24/5/2021,11,18,23,31,32,33,49,"18,32",4,2,0,2,1,3,0,3.0,3166852.0,7.0,141051.0,480.0,1415.0,896.0,414.0,23569.0,50.0,24872.0,25.0,395292.0,10.0
3661,17/5/2021,5,6,11,36,41,46,8,5,3,3,2,1,0,1,2,0.0,0.0,1.0,304206.0,111.0,1885.0,442.0,259.0,6522.0,50.0,12817.0,25.0,125477.0,10.0
3659,10/5/2021,6,18,32,33,34,45,8,6,2,4,1,1,0,3,1,1.0,1202447.0,1.0,491129.0,75.0,2321.0,248.0,383.0,4394.0,50.0,7371.0,25.0,84696.0,10.0
3658,6/5/2021,4,6,12,20,31,35,47,35,2,4,2,2,0,2,0,5.0,226083.0,0.0,0.0,146.0,1121.0,187.0,478.0,6567.0,50.0,5847.0,25.0,115382.0,10.0
3656,29/4/2021,2,19,22,29,36,43,5,"2,36",3,3,1,1,2,1,1,0.0,0.0,2.0,121923.0,90.0,1863.0,283.0,324.0,4917.0,50.0,8516.0,25.0,88952.0,10.0
3654,22/4/2021,3,17,22,32,38,48,41,17,2,4,1,1,1,2,1,2.0,5341373.0,8.0,133503.0,461.0,1593.0,939.0,427.0,21515.0,50.0,26588.0,25.0,398255.0,10.0
3653,19/4/2021,8,10,16,17,20,43,32,10,2,4,2,3,0,0,1,0.0,0.0,2.0,288024.0,213.0,1860.0,560.0,386.0,13324.0,50.0,15124.0,25.0,244782.0,10.0
3652,15/4/2021,10,14,23,25,35,46,39,23,3,3,1,1,2,1,1,0.0,0.0,2.0,167339.0,133.0,1730.0,288.0,436.0,6477.0,50.0,7874.0,25.0,120248.0,10.0
3650,8/4/2021,7,8,9,14,28,35,4,9,3,3,3,1,1,1,0,1.0,2934881.0,6.0,59686.0,256.0,962.0,750.0,180.0,11766.0,50.0,20177.0,25.0,187054.0,10.0
3649,5/4/2021,9,11,15,17,25,40,5,"11,15",5,1,1,3,1,1,0,0.0,0.0,4.0,64940.0,150.0,1191.0,605.0,161.0,7236.0,50.0,15737.0,25.0,118687.0,10.0
3648,1/4/2021,10,11,15,21,29,44,26,15,4,2,1,2,2,0,1,3.0,3682728.0,5.0,224548.0,560.0,1379.0,1273.0,331.0,26255.0,50.0,33793.0,25.0,465680.0,10.0
3647,29/3/2021,14,15,20,23,30,35,39,20,3,3,0,3,2,1,0,0.0,0.0,3.0,199827.0,237.0,1739.0,507.0,444.0,12758.0,50.0,15097.0,25.0,227505.0,10.0
3646,25/3/2021,4,16,17,20,22,44,38,"20,44",1,5,1,3,1,0,1,0.0,0.0,1.0,333012.0,138.0,1660.0,323.0,387.0,7212.0,50.0,8182.0,25.0,129257.0,10.0
3645,22/3/2021,2,12,20,35,37,44,17,"2,12",2,4,1,2,0,2,1,0.0,0.0,2.0,135353.0,78.0,2387.0,252.0,403.0,4894.0,50.0,7268.0,25.0,95932.0,10.0
3644,18/3/2021,2,5,12,24,25,29,3,12,3,3,2,1,3,0,0,1.0,1199310.0,8.0,31561.0,244.0,712.0,633.0,150.0,9360.0,50.0,13762.0,25.0,129262.0,10.0
3643,15/3/2021,12,15,19,28,35,43,44,"12,19",4,2,0,3,1,1,1,1.0,1291532.0,1.0,271902.0,103.0,1815.0,211.0,484.0,5687.0,50.0,6243.0,25.0,105907.0,10.0
3638,26/2/2021,21,24,40,42,44,48,1,48,1,5,0,0,2,1,3,5.0,2386178.0,27.0,79833.0,844.0,1756.0,2033.0,398.0,42397.0,50.0,55675.0,25.0,754339.0,10.0
3637,22/2/2021,3,6,8,11,36,48,1,6,2,4,3,1,0,1,1,0.0,0.0,8.0,44535.0,223.0,1099.0,869.0,154.0,12062.0,50.0,20463.0,25.0,185456.0,10.0
3636,18/2/2021,1,4,6,15,40,44,37,40,2,4,3,1,0,1,1,1.0,3778784.0,6.0,74237.0,217.0,1412.0,428.0,391.0,10803.0,50.0,11247.0,25.0,185785.0,10.0
3634,11/2/2021,10,23,25,28,46,49,36,"10,25",3,3,1,0,3,0,2,2.0,774896.0,1.0,326272.0,157.0,1429.0,271.0,452.0,6691.0,50.0,8285.0,25.0,120531.0,10.0
3633,8/2/2021,9,10,25,27,34,42,29,9,3,3,2,0,2,1,1,4.0,3126334.0,14.0,101482.0,595.0,1642.0,1495.0,357.0,30936.0,50.0,42419.0,25.0,563013.0,10.0
3632,5/2/2021,8,9,11,24,26,47,34,9,3,3,2,1,2,0,1,0.0,0.0,7.0,173137.0,562.0,1483.0,1241.0,367.0,30498.0,50.0,33770.0,25.0,546604.0,10.0
3631,1/2/2021,4,6,9,18,27,39,33,6,3,3,3,1,1,1,0,2.0,2981835.0,14.0,47378.0,383.0,1191.0,979.0,255.0,18438.0,50.0,21639.0,25.0,300198.0,10.0
3629,25/1/2021,8,9,12,17,33,39,48,"8,17",4,2,2,2,0,2,0,0.0,0.0,1.0,260447.0,168.0,1066.0,233.0,420.0,7861.0,50.0,7227.0,25.0,132140.0,10.0
3628,21/1/2021,8,11,15,17,19,35,45,35,5,1,1,4,0,1,0,1.0,1173182.0,4.0,61747.0,131.0,1297.0,309.0,300.0,7796.0,50.0,7138.0,25.0,127487.0,10.0
3627,18/1/2021,2,12,23,33,35,37,43,"12,23",4,2,1,1,1,3,0,1.0,1242653.0,4.0,65403.0,112.0,1606.0,244.0,403.0,5458.0,50.0,6444.0,25.0,101045.0,10.0
3624,7/1/2021,1,7,9,12,32,36,17,12,3,3,3,1,0,2,0,1.0,1203865.0,5.0,50690.0,132.0,1321.0,499.0,191.0,8459.0,50.0,12650.0,25.0,144089.0,10.0
3623,4/1/2021,4,5,8,12,27,42,14,"5,8",2,4,3,1,1,0,1,3.0,3625796.0,14.0,88382.0,714.0,1192.0,1625.0,286.0,34985.0,50.0,42801.0,25.0,590333.0,10.0
3622,1/1/2021,5,8,13,16,35,47,2,47,4,2,2,2,0,1,1,0.0,0.0,6.0,219457.0,450.0,1504.0,1236.0,299.0,23112.0,50.0,31922.0,25.0,404191.0,10.0
3619,21/12/2020,4,8,15,31,36,39,47,8,3,3,2,1,0,3,0,1.0,5276378.0,2.0,284571.0,213.0,1838.0,453.0,472.0,11486.0,50.0,13978.0,25.0,219869.0,10.0
3616,10/12/2020,10,17,22,23,27,33,34,33,4,2,1,1,3,1,0,1.0,1078941.0,0.0,0.0,102.0,1531.0,237.0,360.0,5889.0,50.0,6274.0,25.0,99499.0,10.0
3615,7/12/2020,7,13,14,33,37,48,24,7,4,2,1,2,0,2,1,1.0,1157744.0,3.0,81246.0,94.0,1783.0,205.0,446.0,4694.0,50.0,6126.0,25.0,85693.0,10.0
3613,30/11/2020,2,3,25,33,35,49,10,"2,35",5,1,2,0,1,2,1,0.0,0.0,2.0,159561.0,98.0,2239.0,319.0,376.0,5544.0,50.0,9120.0,25.0,108720.0,10.0
3611,23/11/2020,1,7,11,22,30,45,48,22,4,2,2,1,2,0,1,1.0,1087867.0,2.0,114513.0,130.0,1212.0,216.0,398.0,6914.0,50.0,5901.0,25.0,116132.0,10.0
3606,5/11/2020,3,19,25,33,40,44,37,"3,44",4,2,1,1,1,2,1,0.0,0.0,3.0,75333.0,72.0,2158.0,216.0,393.0,3958.0,50.0,5356.0,25.0,77107.0,10.0
3605,2/11/2020,3,36,37,44,48,49,35,37,3,3,1,0,0,2,3,1.0,2621371.0,1.0,320890.0,142.0,1554.0,235.0,513.0,5456.0,50.0,7422.0,25.0,102715.0,10.0
3603,26/10/2020,2,8,11,19,41,49,27,11,4,2,2,2,0,0,2,0.0,0.0,2.0,1425353.0,142.0,1519.0,354.0,333.0,7686.0,50.0,10106.0,25.0,137812.0,10.0
3602,22/10/2020,11,25,28,30,34,36,24,"11,25",2,4,0,1,3,2,0,0.0,0.0,2.0,110283.0,73.0,2078.0,173.0,479.0,4386.0,50.0,5583.0,25.0,81827.0,10.0
3600,15/10/2020,14,27,28,31,46,48,7,"14,48",2,4,0,1,2,1,2,0.0,0.0,1.0,223795.0,61.0,2523.0,173.0,486.0,3617.0,50.0,5693.0,25.0,69452.0,10.0
3598,8/10/2020,2,3,7,12,21,34,41,7,3,3,3,1,1,1,0,0.0,0.0,3.0,935268.0,168.0,1216.0,314.0,355.0,9435.0,50.0,8143.0,25.0,145882.0,10.0
3597,5/10/2020,7,10,14,15,39,44,1,"7,10",3,3,2,2,0,1,1,0.0,0.0,2.0,115539.0,100.0,1589.0,277.0,313.0,4691.0,50.0,8066.0,25.0,89526.0,10.0
3591,14/9/2020,2,11,13,15,28,45,36,15,4,2,1,3,1,0,1,1.0,1027357.0,1.0,216286.0,83.0,1792.0,195.0,416.0,4934.0,50.0,5512.0,25.0,89419.0,10.0
3590,10/9/2020,15,21,27,36,39,43,45,36,5,1,0,1,2,2,1,1.0,2331676.0,6.0,45203.0,99.0,1884.0,228.0,447.0,5024.0,50.0,6359.0,25.0,93512.0,10.0
3588,3/9/2020,4,16,27,32,44,47,9,16,2,4,1,1,1,1,2,1.0,1000000.0,3.0,69624.0,76.0,1890.0,271.0,290.0,3663.0,50.0,6019.0,25.0,68585.0,10.0
3586,27/8/2020,2,10,13,32,41,43,24,41,3,3,2,1,0,1,2,0.0,0.0,3.0,852091.0,67.0,2726.0,249.0,400.0,4493.0,50.0,6994.0,25.0,90065.0,10.0
3585,24/8/2020,1,19,24,26,37,41,22,"19,26",4,2,1,1,2,1,1,0.0,0.0,2.0,108330.0,47.0,3170.0,163.0,499.0,3668.0,50.0,5301.0,25.0,75201.0,10.0
3584,20/8/2020,6,15,19,26,30,48,41,"15,30",2,4,1,2,2,0,1,2.0,500000.0,1.0,206440.0,68.0,2088.0,151.0,513.0,4405.0,50.0,4702.0,25.0,83043.0,10.0
3582,13/8/2020,5,9,29,41,42,43,28,"9,29,43",5,1,2,0,1,0,3,0.0,0.0,3.0,68719.0,59.0,2403.0,262.0,296.0,4121.0,50.0,5646.0,25.0,77445.0,10.0
3581,10/8/2020,9,19,20,29,36,43,38,43,4,2,1,2,1,1,1,1.0,2283630.0,3.0,160255.0,122.0,1548.0,272.0,379.0,6740.0,50.0,8191.0,25.0,122188.0,10.0
3580,6/8/2020,10,28,35,39,41,43,44,10,4,2,1,0,1,2,2,0.0,0.0,0.0,0.0,50.0,2835.0,136.0,569.0,3379.0,50.0,4392.0,25.0,63855.0,10.0
3578,30/7/2020,18,24,34,38,43,48,8,34,1,5,0,1,1,2,2,2.0,500000.0,3.0,68790.0,163.0,871.0,375.0,207.0,4617.0,50.0,8279.0,25.0,66606.0,10.0
3577,27/7/2020,4,19,25,31,34,37,32,4,4,2,1,1,1,3,0,0.0,0.0,5.0,468312.0,84.0,2020.0,209.0,443.0,4768.0,50.0,6744.0,25.0,91335.0,10.0
3576,23/7/2020,4,12,13,20,35,36,18,20,2,4,1,3,0,2,0,0.0,0.0,3.0,64765.0,93.0,1437.0,173.0,422.0,3913.0,50.0,5735.0,25.0,72846.0,10.0
3574,16/7/2020,5,18,27,28,29,37,21,37,4,2,1,1,3,1,0,0.0,0.0,2.0,94119.0,87.0,1488.0,209.0,338.0,4774.0,50.0,5636.0,25.0,83475.0,10.0
3572,9/7/2020,8,10,12,16,21,48,41,48,1,5,2,2,1,0,1,0.0,0.0,2.0,93600.0,96.0,1341.0,196.0,359.0,5610.0,50.0,4964.0,25.0,94576.0,10.0
3571,6/7/2020,1,22,26,38,39,48,40,"38,48",2,4,1,0,2,2,1,0.0,0.0,2.0,1098282.0,71.0,2288.0,165.0,537.0,3747.0,50.0,5073.0,25.0,73921.0,10.0
3570,2/7/2020,3,20,36,38,43,48,16,"3,38",2,4,1,1,0,2,2,0.0,0.0,2.0,88219.0,57.0,2129.0,125.0,530.0,2896.0,50.0,3985.0,25.0,55320.0,10.0
3568,25/6/2020,23,37,42,43,47,49,34,"23,47",5,1,0,0,1,1,4,1.0,2468698.0,5.0,60410.0,131.0,1586.0,337.0,337.0,5243.0,50.0,7610.0,25.0,93483.0,10.0
3566,30/3/2020,1,7,17,29,30,43,31,7,5,1,2,1,2,0,1,1.0,2465944.0,2.0,148334.0,144.0,1417.0,353.0,316.0,7018.0,50.0,9707.0,25.0,125310.0,10.0
3565,26/3/2020,7,12,13,19,42,46,29,42,3,3,1,3,0,0,2,0.0,0.0,3.0,74160.0,76.0,2013.0,189.0,442.0,4450.0,50.0,6262.0,25.0,86791.0,10.0
3563,19/3/2020,8,19,27,33,37,47,18,"19,47",5,1,1,1,1,2,1,1.0,8856507.0,13.0,64250.0,339.0,1694.0,960.0,327.0,18695.0,50.0,24674.0,25.0,325267.0,10.0
3560,9/3/2020,4,11,14,22,29,47,6,14,3,3,1,2,2,0,1,0.0,0.0,2.0,124108.0,77.0,2217.0,282.0,331.0,5320.0,50.0,8782.0,25.0,97141.0,10.0
3559,5/3/2020,12,14,30,37,38,40,42,37,1,5,0,2,1,3,0,1.0,2724901.0,4.0,81379.0,116.0,1930.0,263.0,465.0,5953.0,50.0,8100.0,25.0,114626.0,10.0
3558,2/3/2020,11,37,39,41,42,46,43,46,4,2,0,1,0,2,3,0.0,0.0,1.0,248150.0,63.0,2708.0,242.0,385.0,4009.0,50.0,6103.0,25.0,75905.0,10.0
3556,24/2/2020,11,24,26,29,42,47,25,26,3,3,0,1,3,0,2,0.0,0.0,3.0,159351.0,183.0,1796.0,489.0,367.0,9887.0,50.0,13844.0,25.0,179557.0,10.0
3555,20/2/2020,7,19,26,31,34,40,6,19,3,3,1,1,1,3,0,0.0,0.0,3.0,104228.0,112.0,1920.0,308.0,381.0,5817.0,50.0,9446.0,25.0,115585.0,10.0
3554,17/2/2020,17,19,23,30,42,45,13,"19,23",4,2,0,2,2,0,2,0.0,0.0,2.0,125926.0,78.0,2220.0,252.0,375.0,4671.0,50.0,6465.0,25.0,91313.0,10.0
3552,10/2/2020,8,12,15,17,32,46,20,15,2,4,1,3,0,1,1,0.0,0.0,5.0,47606.0,102.0,1605.0,268.0,334.0,5283.0,50.0,8054.0,25.0,101356.0,10.0
3551,7/2/2020,10,15,16,21,24,49,2,49,3,3,1,2,2,0,1,1.0,12000000.0,20.0,101649.0,955.0,1464.0,2340.0,326.0,43981.0,50.0,62436.0,25.0,784586.0,10.0
3550,3/2/2020,6,9,23,34,42,49,22,49,3,3,2,0,1,1,2,1.0,3444812.0,2.0,214358.0,193.0,1528.0,443.0,363.0,9262.0,50.0,11981.0,25.0,164037.0,10.0
3548,27/1/2020,3,32,38,43,46,48,34,38,2,4,1,0,0,2,3,1.0,5423334.0,2.0,263841.0,170.0,2134.0,532.0,372.0,9513.0,50.0,13178.0,25.0,177412.0,10.0
3546,20/1/2020,11,18,20,22,27,37,39,11,3,3,0,3,2,1,0,0.0,0.0,1.0,244830.0,121.0,1392.0,208.0,442.0,6396.0,50.0,6713.0,25.0,109195.0,10.0
3543,9/1/2020,12,24,34,38,46,47,28,47,1,5,0,1,1,2,2,0.0,0.0,3.0,105722.0,92.0,2371.0,250.0,476.0,5456.0,50.0,7688.0,25.0,101896.0,10.0
3542,6/1/2020,2,7,11,15,26,47,33,15,4,2,2,2,1,0,1,0.0,0.0,1.0,223267.0,107.0,1435.0,226.0,371.0,6017.0,50.0,6152.0,25.0,104490.0,10.0
3541,3/1/2020,13,15,21,23,30,35,25,"13,35",5,1,0,2,3,1,0,4.0,1250000.0,20.0,44386.0,437.0,1397.0,1146.0,291.0,19573.0,50.0,28000.0,25.0,341807.0,10.0
3540,30/12/2019,3,12,13,35,36,40,33,36,3,3,1,2,0,3,0,1.0,1213444.0,1.0,255462.0,93.0,1889.0,214.0,448.0,4953.0,50.0,6953.0,25.0,95049.0,10.0
3537,19/12/2019,19,21,27,36,40,44,2,40,3,3,0,1,2,2,1,0.0,0.0,6.0,1646049.0,364.0,1644.0,732.0,446.0,17242.0,50.0,22449.0,25.0,316162.0,10.0
3536,16/12/2019,4,10,22,23,40,42,7,22,1,5,2,0,2,1,1,0.0,0.0,4.0,196636.0,188.0,1737.0,618.0,289.0,10179.0,50.0,17757.0,25.0,183312.0,10.0
3535,12/12/2019,2,22,29,33,36,45,20,22,3,3,1,0,2,2,1,0.0,0.0,0.0,0.0,102.0,2102.0,293.0,399.0,5543.0,50.0,8422.0,25.0,105018.0,10.0
3534,9/12/2019,21,22,27,30,39,44,46,30,3,3,0,0,4,1,1,0.0,0.0,1.0,239538.0,77.0,2139.0,172.0,523.0,4389.0,50.0,5117.0,25.0,83543.0,10.0
3533,5/12/2019,2,9,14,26,30,47,34,14,2,4,2,1,2,0,1,0.0,0.0,7.0,1403996.0,345.0,1776.0,835.0,401.0,19384.0,50.0,23568.0,25.0,355099.0,10.0
3532,2/12/2019,1,14,15,25,34,35,36,34,4,2,1,2,1,2,0,0.0,0.0,8.0,57843.0,195.0,1632.0,457.0,380.0,9052.0,50.0,11561.0,25.0,168197.0,10.0
3531,28/11/2019,6,30,34,45,46,48,32,"6,46",1,5,1,0,1,1,3,0.0,0.0,1.0,301184.0,80.0,2589.0,237.0,477.0,4959.0,50.0,6491.0,25.0,98556.0,10.0
3530,25/11/2019,3,6,16,35,38,46,23,16,2,4,2,1,0,2,1,0.0,0.0,3.0,75506.0,54.0,2884.0,261.0,326.0,4285.0,50.0,6646.0,25.0,80950.0,10.0
3529,21/11/2019,1,4,16,18,30,32,37,"1,16,30",1,5,2,2,1,1,0,1.0,9080133.0,9.0,97944.0,412.0,1471.0,835.0,396.0,20113.0,50.0,22083.0,25.0,356005.0,10.0
3528,18/11/2019,1,16,17,20,21,30,29,"16,21",3,3,1,3,2,0,0,0.0,0.0,4.0,195476.0,216.0,1519.0,523.0,343.0,11626.0,50.0,14117.0,25.0,193779.0,10.0
3526,11/11/2019,3,20,29,30,39,41,6,30,4,2,1,1,2,1,1,0.0,0.0,1.0,248214.0,80.0,2134.0,225.0,414.0,4357.0,50.0,7362.0,25.0,85814.0,10.0
3524,4/11/2019,3,8,9,38,41,44,34,44,3,3,3,0,0,1,2,0.0,0.0,2.0,296724.0,123.0,1971.0,346.0,383.0,8606.0,50.0,9772.0,25.0,151938.0,10.0
3523,31/10/2019,13,30,33,36,44,47,14,36,3,3,0,1,1,2,2,0.0,0.0,0.0,0.0,67.0,2473.0,174.0,520.0,3937.0,50.0,5498.0,25.0,75410.0,10.0
3520,21/10/2019,5,13,28,38,47,48,40,47,3,3,1,1,1,1,2,0.0,0.0,4.0,79394.0,135.0,1618.0,295.0,404.0,6579.0,50.0,7720.0,25.0,115215.0,10.0
3518,14/10/2019,4,5,14,25,26,45,29,"4,26,45",3,3,2,1,2,0,1,1.0,9348725.0,11.0,85254.0,502.0,1285.0,1149.0,307.0,22850.0,50.0,29110.0,25.0,385435.0,10.0
3517,10/10/2019,4,18,26,32,34,45,33,26,1,5,1,1,1,2,1,0.0,0.0,1.0,1030363.0,127.0,2602.0,386.0,467.0,8154.0,50.0,11463.0,25.0,164052.0,10.0
3516,7/10/2019,12,13,26,36,41,46,5,"12,46",2,4,0,2,1,1,2,0.0,0.0,0.0,0.0,105.0,2128.0,271.0,450.0,5560.0,50.0,9112.0,25.0,104861.0,10.0
3513,26/9/2019,9,19,30,34,35,46,49,9,3,3,1,1,1,2,1,1.0,4719169.0,10.0,45119.0,199.0,1559.0,451.0,376.0,9205.0,50.0,10798.0,25.0,170883.0,10.0
3509,12/9/2019,7,10,30,33,44,45,46,"10,44",3,3,2,0,1,1,2,1.0,4765028.0,2.0,227341.0,157.0,1992.0,330.0,517.0,8923.0,50.0,10170.0,25.0,166374.0,10.0
3507,5/9/2019,17,18,27,42,47,48,37,18,3,3,0,2,1,0,3,0.0,0.0,3.0,75343.0,64.0,2429.0,266.0,319.0,3601.0,50.0,6053.0,25.0,68881.0,10.0
3506,2/9/2019,1,5,18,20,33,44,48,33,3,3,2,2,0,1,1,1.0,1146091.0,3.0,156891.0,152.0,1092.0,216.0,419.0,5268.0,50.0,5538.0,25.0,95976.0,10.0
3505,29/8/2019,6,22,33,40,45,47,49,40,3,3,1,0,1,2,2,2.0,544800.0,0.0,0.0,105.0,1502.0,155.0,555.0,3700.0,50.0,4766.0,25.0,71433.0,10.0
3500,12/8/2019,33,34,36,37,44,49,16,34,3,3,0,0,0,4,2,2.0,562021.0,4.0,117178.0,79.0,2060.0,164.0,542.0,3557.0,50.0,4794.0,25.0,66439.0,10.0
3499,8/8/2019,1,4,5,22,27,34,41,4,3,3,3,0,2,1,0,1.0,1102324.0,0.0,0.0,107.0,1492.0,176.0,495.0,5857.0,50.0,6139.0,25.0,106115.0,10.0
3496,29/7/2019,4,10,24,32,37,44,31,4,1,5,2,0,1,2,1,0.0,0.0,1.0,236318.0,83.0,1958.0,208.0,427.0,4173.0,50.0,5522.0,25.0,85275.0,10.0
3495,25/7/2019,4,5,29,30,31,33,41,30,4,2,2,0,2,2,0,1.0,1090926.0,1.0,229669.0,98.0,1612.0,232.0,372.0,5114.0,50.0,5610.0,25.0,94266.0,10.0
3492,15/7/2019,4,15,30,35,36,43,24,43,3,3,1,1,1,2,1,0.0,0.0,2.0,116868.0,57.0,2820.0,178.0,493.0,3799.0,50.0,5421.0,25.0,76896.0,10.0
3490,8/7/2019,9,11,22,23,24,29,49,9,4,2,1,1,4,0,0,0.0,0.0,5.0,95690.0,260.0,1266.0,552.0,326.0,14148.0,50.0,13853.0,25.0,232529.0,10.0
3489,4/7/2019,7,9,21,34,36,45,27,7,4,2,2,0,1,2,1,0.0,0.0,2.0,154362.0,99.0,2144.0,366.0,317.0,6119.0,50.0,10498.0,25.0,118290.0,10.0
3487,27/6/2019,1,4,25,36,41,47,26,"25,41",4,2,2,0,1,1,2,1.0,4676276.0,9.0,49790.0,163.0,1891.0,439.0,383.0,8030.0,50.0,10740.0,25.0,151350.0,10.0
3486,24/6/2019,8,17,25,32,41,48,21,"8,25",3,3,1,1,1,1,2,0.0,0.0,4.0,77419.0,92.0,2315.0,335.0,347.0,5797.0,50.0,8303.0,25.0,110151.0,10.0
3485,20/6/2019,8,19,25,26,29,34,7,29,3,3,1,1,3,1,0,0.0,0.0,1.0,226699.0,102.0,1528.0,328.0,260.0,5510.0,50.0,9177.0,25.0,98144.0,10.0
3483,13/6/2019,1,3,10,14,22,39,24,10,3,3,3,1,1,1,0,0.0,0.0,0.0,0.0,93.0,1723.0,233.0,375.0,5397.0,50.0,6584.0,25.0,98989.0,10.0
3480,3/6/2019,3,4,12,19,27,30,31,"4,12,30",3,3,2,2,2,0,0,0.0,0.0,4.0,60726.0,183.0,913.0,860.0,106.0,9199.0,50.0,11765.0,25.0,131686.0,10.0
3479,30/5/2019,4,12,21,30,31,44,3,21,2,4,1,1,2,1,1,0.0,0.0,13.0,783981.0,362.0,1739.0,1219.0,282.0,20526.0,50.0,33126.0,25.0,368192.0,10.0
3478,27/5/2019,5,9,17,21,22,32,34,"22,32",4,2,2,1,2,1,0,0.0,0.0,5.0,96008.0,276.0,1196.0,508.0,355.0,14068.0,50.0,13164.0,25.0,227840.0,10.0
3477,23/5/2019,12,20,22,31,32,46,38,46,1,5,0,2,1,2,1,0.0,0.0,5.0,111495.0,120.0,1809.0,271.0,437.0,6301.0,50.0,7403.0,25.0,117479.0,10.0
3476,20/5/2019,7,18,24,46,47,48,10,7,2,4,1,1,1,0,3,0.0,0.0,0.0,0.0,87.0,1912.0,237.0,383.0,4217.0,50.0,6129.0,25.0,77830.0,10.0
3473,9/5/2019,5,10,11,18,26,49,4,"5,26",3,3,2,2,1,0,1,0.0,0.0,4.0,57612.0,110.0,1441.0,406.0,213.0,7197.0,50.0,10554.0,25.0,114328.0,10.0
3471,2/5/2019,10,15,24,35,42,47,11,10,3,3,1,1,1,1,2,0.0,0.0,3.0,76977.0,86.0,1847.0,191.0,454.0,3821.0,50.0,6211.0,25.0,73382.0,10.0
3467,18/4/2019,6,15,28,33,45,47,43,47,4,2,1,1,1,1,2,2.0,1390889.0,10.0,58564.0,140.0,1631.0,335.0,372.0,6124.0,50.0,8008.0,25.0,114312.0,10.0
3466,15/4/2019,8,19,25,34,35,47,30,47,4,2,1,1,1,2,1,0.0,0.0,0.0,0.0,85.0,2052.0,187.0,509.0,4629.0,50.0,6164.0,25.0,90039.0,10.0
3464,8/4/2019,9,19,20,24,28,49,36,20,3,3,1,2,2,0,1,0.0,0.0,3.0,173508.0,245.0,1461.0,461.0,424.0,13217.0,50.0,13833.0,25.0,230675.0,10.0
3461,28/3/2019,2,15,20,26,29,44,43,26,2,4,1,2,2,0,1,2.0,4744763.0,10.0,94494.0,420.0,1547.0,843.0,421.0,19898.0,50.0,24184.0,25.0,364332.0,10.0
3460,25/3/2019,6,13,23,26,34,37,15,13,3,3,1,1,2,2,0,0.0,0.0,3.0,166647.0,244.0,1409.0,487.0,385.0,11054.0,50.0,13644.0,25.0,190780.0,10.0
3459,21/3/2019,2,5,12,13,15,31,36,"2,5",4,2,2,3,0,1,0,0.0,0.0,2.0,153972.0,220.0,963.0,346.0,334.0,10538.0,50.0,8881.0,25.0,157898.0,10.0
3458,18/3/2019,2,5,8,17,43,47,25,"2,17",4,2,3,1,0,0,2,0.0,0.0,5.0,48996.0,99.0,1702.0,287.0,321.0,5337.0,50.0,8997.0,25.0,104371.0,10.0
3455,7/3/2019,1,2,13,29,41,43,34,1,5,1,2,1,1,0,2,0.0,0.0,2.0,124654.0,79.0,2170.0,203.0,461.0,4738.0,50.0,6057.0,25.0,90279.0,10.0
3454,4/3/2019,1,6,7,16,39,40,12,39,3,3,3,1,0,2,0,4.0,1326581.0,6.0,90257.0,231.0,1612.0,729.0,279.0,13119.0,50.0,19088.0,25.0,228119.0,10.0
3453,28/2/2019,20,24,27,39,43,48,8,27,3,3,0,1,2,1,2,0.0,0.0,1.0,329742.0,109.0,2080.0,277.0,447.0,5510.0,50.0,8686.0,25.0,103328.0,10.0
3449,14/2/2019,2,10,12,20,24,32,31,10,0,6,2,2,1,1,0,2.0,693261.0,3.0,97300.0,219.0,917.0,328.0,334.0,9825.0,50.0,9854.0,25.0,152672.0,10.0
3448,11/2/2019,9,10,15,33,39,40,41,9,4,2,2,1,0,3,0,1.0,1516866.0,4.0,79836.0,113.0,1943.0,314.0,382.0,6884.0,50.0,8052.0,25.0,127759.0,10.0
3445,1/2/2019,5,11,16,17,22,27,10,11,4,2,1,3,2,0,0,1.0,5000000.0,21.0,47771.0,558.0,1236.0,1666.0,226.0,27350.0,50.0,39785.0,25.0,449052.0,10.0
3441,17/1/2019,5,10,22,30,42,48,13,10,1,5,2,0,2,0,2,0.0,0.0,1.0,246863.0,89.0,1907.0,189.0,490.0,4732.0,50.0,6444.0,25.0,91721.0,10.0
3440,14/1/2019,10,13,21,27,34,40,41,13,3,3,1,1,2,2,0,1.0,9588137.0,9.0,107325.0,392.0,1695.0,875.0,414.0,21834.0,50.0,24027.0,25.0,385481.0,10.0
3439,11/1/2019,1,2,13,18,41,47,46,"1,2,41",4,2,2,2,0,0,2,0.0,0.0,9.0,101784.0,288.0,2187.0,818.0,420.0,17661.0,50.0,22364.0,25.0,340256.0,10.0
3434,24/12/2018,3,5,12,17,29,39,31,"12,39",5,1,2,2,1,1,0,0.0,0.0,2.0,121045.0,98.0,1699.0,319.0,285.0,6815.0,50.0,8563.0,25.0,118312.0,10.0
3433,20/12/2018,7,12,15,30,33,39,48,"15,30",4,2,1,2,1,2,0,1.0,4604567.0,4.0,110504.0,208.0,1461.0,407.0,408.0,10249.0,50.0,11745.0,25.0,184080.0,10.0
3429,6/12/2018,5,9,16,18,23,47,19,5,4,2,2,2,1,0,1,0.0,0.0,1.0,223977.0,117.0,1317.0,452.0,186.0,6271.0,50.0,10350.0,25.0,107025.0,10.0
3424,19/11/2018,2,9,14,36,46,48,5,36,1,5,2,1,0,1,2,0.0,0.0,1.0,228331.0,64.0,2453.0,187.0,458.0,4179.0,50.0,6825.0,25.0,76720.0,10.0
3423,15/11/2018,21,25,27,36,39,44,18,21,4,2,0,0,3,2,1,1.0,1065842.0,3.0,74796.0,76.0,2030.0,207.0,407.0,3856.0,50.0,6332.0,25.0,73551.0,10.0
3421,8/11/2018,8,13,16,26,28,38,46,"8,28",1,5,1,2,2,1,0,1.0,4823063.0,3.0,151468.0,248.0,1260.0,481.0,355.0,12128.0,50.0,12475.0,25.0,205591.0,10.0
3420,5/11/2018,3,8,14,28,43,49,26,28,3,3,2,1,1,0,2,0.0,0.0,3.0,186993.0,113.0,2006.0,308.0,402.0,6439.0,50.0,8737.0,25.0,125934.0,10.0
3419,1/11/2018,6,27,28,41,44,48,15,"6,28",2,4,1,0,2,0,3,0.0,0.0,0.0,0.0,53.0,3002.0,162.0,536.0,3549.0,50.0,5374.0,25.0,72919.0,10.0
3417,25/10/2018,7,8,13,15,35,48,30,48,4,2,2,2,0,1,1,2.0,4494271.0,11.0,81799.0,412.0,1502.0,975.0,347.0,19896.0,50.0,27159.0,25.0,362858.0,10.0
3416,22/10/2018,5,22,24,40,43,48,2,"5,48",2,4,1,0,2,1,2,0.0,0.0,3.0,155928.0,178.0,1807.0,420.0,418.0,8552.0,50.0,12894.0,25.0,165499.0,10.0
3415,18/10/2018,5,14,17,31,46,48,47,48,3,3,1,2,0,1,2,0.0,0.0,1.0,290852.0,82.0,2439.0,257.0,425.0,5169.0,50.0,6990.0,25.0,100345.0,10.0
3414,15/10/2018,1,4,24,32,35,48,20,"1,24",2,4,2,0,1,2,1,0.0,0.0,2.0,116955.0,68.0,2365.0,185.0,475.0,3755.0,50.0,5209.0,25.0,74954.0,10.0
3413,11/10/2018,1,16,18,24,29,46,35,18,2,4,1,2,2,0,1,1.0,2526098.0,2.0,145510.0,106.0,1888.0,272.0,402.0,5384.0,50.0,6912.0,25.0,107368.0,10.0
3412,8/10/2018,17,18,23,39,43,49,2,23,5,1,0,2,1,1,2,0.0,0.0,1.0,240792.0,69.0,2400.0,201.0,450.0,3897.0,50.0,5813.0,25.0,77444.0,10.0
3411,4/10/2018,5,12,23,32,37,42,43,"23,32",3,3,1,1,1,2,1,2.0,549348.0,2.0,115653.0,87.0,1828.0,194.0,448.0,5384.0,50.0,5747.0,25.0,91397.0,10.0
3409,27/9/2018,2,25,29,33,42,45,20,29,4,2,1,0,2,1,2,0.0,0.0,1.0,226691.0,57.0,2735.0,224.0,380.0,3877.0,50.0,5521.0,25.0,74467.0,10.0
3406,17/9/2018,16,21,22,24,25,27,1,16,3,3,0,1,5,0,0,0.0,0.0,5.0,59770.0,208.0,988.0,341.0,329.0,7414.0,50.0,8575.0,25.0,120372.0,10.0
3405,13/9/2018,6,16,17,40,44,48,34,"6,40",1,5,1,2,0,1,2,0.0,0.0,2.0,112676.0,56.0,2767.0,150.0,564.0,3778.0,50.0,4743.0,25.0,74272.0,10.0
3404,10/9/2018,2,6,9,15,40,43,18,"2,15",3,3,3,1,0,1,1,1.0,1105314.0,4.0,58175.0,78.0,2052.0,285.0,307.0,5631.0,50.0,8521.0,25.0,104677.0,10.0
3402,3/9/2018,4,5,13,18,39,40,3,40,3,3,2,2,0,2,0,0.0,0.0,2.0,117825.0,97.0,1671.0,284.0,312.0,5091.0,50.0,8544.0,25.0,93096.0,10.0
3401,30/8/2018,3,9,27,29,31,40,46,29,5,1,2,0,2,2,0,2.0,1287741.0,4.0,208325.0,103.0,2039.0,249.0,460.0,7101.0,50.0,7000.0,25.0,135197.0,10.0
3398,20/8/2018,9,10,25,38,40,42,2,25,2,4,2,0,1,2,1,0.0,0.0,1.0,235181.0,82.0,1972.0,210.0,420.0,4415.0,50.0,7085.0,25.0,86581.0,10.0
3397,16/8/2018,22,23,25,32,33,36,20,"22,36",3,3,0,0,3,3,0,1.0,1109639.0,3.0,77870.0,149.0,1078.0,240.0,366.0,5455.0,50.0,6218.0,25.0,86025.0,10.0
3396,13/8/2018,1,3,6,16,22,36,17,16,2,4,3,1,1,1,0,2.0,1356932.0,5.0,114268.0,284.0,799.0,418.0,296.0,9738.0,50.0,11101.0,25.0,151143.0,10.0
3395,9/8/2018,13,16,20,23,39,42,28,20,3,3,0,3,1,1,1,0.0,0.0,0.0,0.0,111.0,1497.0,226.0,401.0,4522.0,50.0,6342.0,25.0,82543.0,10.0
3394,6/8/2018,7,18,20,27,36,40,15,27,2,4,1,2,1,2,0,1.0,1172948.0,3.0,82313.0,113.0,1503.0,317.0,293.0,5749.0,50.0,7650.0,25.0,103328.0,10.0
3393,2/8/2018,1,10,15,27,41,46,35,"10,41",4,2,2,1,1,0,2,0.0,0.0,8.0,1266249.0,456.0,1423.0,838.0,423.0,19465.0,50.0,24335.0,25.0,348137.0,10.0
3391,26/7/2018,1,9,13,17,28,40,37,"28,40",4,2,2,2,1,1,0,0.0,0.0,5.0,58900.0,113.0,1792.0,321.0,345.0,7144.0,50.0,7637.0,25.0,130197.0,10.0
3390,23/7/2018,2,23,26,28,39,40,12,23,2,4,1,0,3,2,0,0.0,0.0,4.0,58290.0,71.0,2258.0,302.0,290.0,4510.0,50.0,8037.0,25.0,85137.0,10.0
3388,16/7/2018,4,8,19,24,32,47,22,"4,32",2,4,2,1,1,1,1,0.0,0.0,1.0,319356.0,116.0,1893.0,281.0,427.0,6510.0,50.0,8784.0,25.0,122168.0,10.0
3383,28/6/2018,2,7,22,27,40,47,48,2,3,3,2,0,2,1,1,1.0,2586729.0,0.0,0.0,153.0,1374.0,267.0,430.0,7850.0,50.0,7070.0,25.0,126343.0,10.0
3381,21/6/2018,4,6,15,24,30,35,46,15,2,4,2,1,2,1,0,2.0,2378806.0,6.0,75891.0,203.0,1543.0,409.0,418.0,10643.0,50.0,11653.0,25.0,185964.0,10.0
3378,11/6/2018,16,25,30,37,44,49,34,37,3,3,0,1,2,1,2,0.0,0.0,12.0,858154.0,434.0,1487.0,800.0,440.0,18474.0,50.0,23031.0,25.0,321079.0,10.0
3377,7/6/2018,12,20,29,31,37,39,42,"20,31,37",4,2,0,2,1,3,0,0.0,0.0,8.0,58340.0,164.0,1957.0,437.0,401.0,9047.0,50.0,11297.0,25.0,173420.0,10.0
3372,21/5/2018,8,10,16,30,37,44,17,37,1,5,2,1,1,1,1,0.0,0.0,2.0,115217.0,93.0,1704.0,186.0,465.0,4425.0,50.0,6316.0,25.0,88464.0,10.0
3371,17/5/2018,7,21,25,29,35,37,13,29,6,0,1,0,3,2,0,4.0,2304738.0,12.0,77101.0,437.0,1456.0,958.0,363.0,19750.0,50.0,27678.0,25.0,353015.0,10.0
3370,14/5/2018,17,24,29,45,46,49,5,45,4,2,0,1,2,0,3,0.0,0.0,3.0,157222.0,150.0,2162.0,501.0,354.0,8890.0,50.0,13795.0,25.0,159300.0,10.0
3368,7/5/2018,2,7,12,15,23,44,34,23,3,3,2,2,1,0,1,0.0,0.0,3.0,81432.0,133.0,1263.0,224.0,409.0,7018.0,50.0,6280.0,25.0,119652.0,10.0
3367,3/5/2018,14,23,28,30,32,48,8,32,1,5,0,1,3,1,1,2.0,1305224.0,2.0,152852.0,135.0,1557.0,396.0,290.0,6420.0,50.0,10318.0,25.0,109742.0,10.0
3364,23/4/2018,1,30,32,36,37,41,16,"32,36",3,3,1,0,1,3,1,0.0,0.0,2.0,121124.0,63.0,2644.0,193.0,471.0,3771.0,50.0,5266.0,25.0,73127.0,10.0
3363,19/4/2018,18,22,32,35,36,44,38,22,1,5,0,1,1,3,1,1.0,1113634.0,9.0,26050.0,75.0,2150.0,221.0,398.0,4134.0,50.0,6027.0,25.0,76142.0,10.0
3362,16/4/2018,14,22,25,27,28,29,1,27,3,3,0,1,5,0,0,1.0,1131733.0,2.0,119130.0,155.0,1057.0,267.0,335.0,6288.0,50.0,7221.0,25.0,97271.0,10.0
3360,9/4/2018,18,36,40,41,43,49,28,40,3,3,0,1,0,2,3,0.0,0.0,6.0,79634.0,121.0,2715.0,477.0,376.0,8406.0,50.0,12057.0,25.0,159736.0,10.0
3359,5/4/2018,3,5,21,30,32,40,34,"3,30",3,3,2,0,2,2,0,0.0,0.0,1.0,303815.0,109.0,1917.0,265.0,430.0,6922.0,50.0,8091.0,25.0,126279.0,10.0
3357,29/3/2018,11,15,17,21,27,33,10,27,6,0,0,3,2,1,0,3.0,855036.0,1.0,297254.0,155.0,1319.0,381.0,293.0,7809.0,50.0,11595.0,25.0,130768.0,10.0
3356,26/3/2018,6,13,14,27,32,36,29,"6,13,27",2,4,1,2,1,2,0,0.0,0.0,1.0,242769.0,86.0,1941.0,252.0,362.0,5373.0,50.0,6657.0,25.0,92985.0,10.0
3353,15/3/2018,9,16,23,25,34,40,47,"9,16",3,3,1,1,2,2,0,0.0,0.0,0.0,0.0,70.0,2448.0,169.0,553.0,5151.0,50.0,5274.0,25.0,96525.0,10.0
3349,2/3/2018,24,28,31,37,40,49,29,40,3,3,0,0,2,3,1,2.0,6013609.0,26.0,80545.0,770.0,1870.0,2201.0,357.0,39497.0,50.0,56256.0,25.0,731669.0,10.0
3348,26/2/2018,4,9,13,15,40,44,48,"4,13,15",3,3,2,2,0,1,1,2.0,819090.0,2.0,172440.0,141.0,1682.0,307.0,422.0,7759.0,50.0,8665.0,25.0,139933.0,10.0
3345,15/2/2018,16,18,30,31,36,41,1,41,2,4,0,2,1,2,1,0.0,0.0,5.0,73436.0,119.0,2122.0,380.0,363.0,7057.0,50.0,10371.0,25.0,132664.0,10.0
3344,12/2/2018,12,14,19,23,37,41,3,23,4,2,0,3,1,1,1,0.0,0.0,1.0,250999.0,113.0,1528.0,238.0,396.0,5200.0,50.0,7849.0,25.0,96508.0,10.0
3343,9/2/2018,8,15,16,23,40,49,18,40,3,3,1,2,1,1,1,2.0,3181107.0,7.0,150809.0,455.0,1596.0,1138.0,348.0,23660.0,50.0,32663.0,25.0,410512.0,10.0
3341,1/2/2018,4,15,20,22,29,32,8,32,2,4,1,2,2,1,0,2.0,588205.0,6.0,41278.0,90.0,1892.0,322.0,289.0,4730.0,50.0,9960.0,25.0,92257.0,10.0
3340,29/1/2018,7,14,25,32,44,48,19,25,2,4,1,1,1,1,2,2.0,613137.0,2.0,129082.0,94.0,1889.0,216.0,449.0,4534.0,50.0,6449.0,25.0,85242.0,10.0
3339,25/1/2018,1,15,23,25,34,47,2,"1,15",5,1,1,1,2,1,1,1.0,2683719.0,1.0,314602.0,118.0,1833.0,300.0,394.0,5917.0,50.0,9117.0,25.0,111157.0,10.0
3338,22/1/2018,1,2,15,29,32,49,11,2,4,2,2,1,1,1,1,0.0,0.0,3.0,83465.0,82.0,2100.0,255.0,369.0,5069.0,50.0,8143.0,25.0,90152.0,10.0
3337,18/1/2018,2,6,12,17,26,40,44,"2,6",1,5,2,2,1,1,0,1.0,8614827.0,7.0,112719.0,418.0,1298.0,843.0,351.0,22101.0,50.0,21750.0,25.0,357704.0,10.0
3336,15/1/2018,1,2,6,28,29,49,17,49,3,3,3,0,2,0,1,0.0,0.0,5.0,92702.0,208.0,1533.0,533.0,327.0,11359.0,50.0,15124.0,25.0,200914.0,10.0
3335,11/1/2018,22,24,25,40,45,49,3,45,3,3,0,0,3,1,2,0.0,0.0,2.0,150781.0,88.0,2356.0,236.0,480.0,4990.0,50.0,6882.0,25.0,95812.0,10.0
3333,5/1/2018,3,4,13,19,23,47,5,3,5,1,2,2,1,0,1,0.0,0.0,19.0,729761.0,642.0,1698.0,2053.0,290.0,34408.0,50.0,55156.0,25.0,627469.0,10.0
3332,1/1/2018,3,9,16,34,45,46,49,"3,16",3,3,2,1,0,1,2,0.0,0.0,4.0,115899.0,129.0,2471.0,397.0,438.0,8304.0,50.0,11976.0,25.0,164921.0,10.0
3329,21/12/2017,1,2,26,27,35,43,23,"2,35",4,2,2,0,2,1,1,1.0,1084370.0,1.0,228289.0,78.0,2013.0,173.0,495.0,3862.0,50.0,5476.0,25.0,75040.0,10.0
3326,11/12/2017,5,12,37,39,42,43,15,37,4,2,1,1,0,2,2,0.0,0.0,1.0,305318.0,116.0,1810.0,269.0,426.0,5795.0,50.0,8037.0,25.0,106936.0,10.0
3324,4/12/2017,4,5,19,38,39,40,26,38,3,3,2,1,0,3,0,1.0,7979860.0,13.0,57092.0,305.0,1673.0,770.0,362.0,15631.0,50.0,21382.0,25.0,292902.0,10.0
3321,23/11/2017,11,14,41,46,47,49,48,11,4,2,0,2,0,0,4,0.0,0.0,3.0,75533.0,71.0,2195.0,383.0,222.0,4072.0,50.0,7280.0,25.0,72678.0,10.0
3320,20/11/2017,9,11,13,18,20,34,27,"11,13,34",3,3,1,4,0,1,0,1.0,1145119.0,3.0,80360.0,144.0,1151.0,461.0,197.0,8025.0,50.0,10677.0,25.0,125590.0,10.0
3318,13/11/2017,3,19,21,35,37,44,26,44,5,1,1,1,1,2,1,0.0,0.0,0.0,0.0,116.0,1918.0,242.0,502.0,5836.0,50.0,7724.0,25.0,109912.0,10.0
3316,6/11/2017,2,8,11,15,19,32,47,32,3,3,2,3,0,1,0,0.0,0.0,8.0,1105236.0,488.0,1037.0,769.0,359.0,22074.0,50.0,19063.0,25.0,363439.0,10.0
3315,2/11/2017,7,17,18,30,32,47,39,30,3,3,1,2,1,1,1,0.0,0.0,4.0,105311.0,158.0,1833.0,365.0,433.0,8469.0,50.0,10731.0,25.0,159668.0,10.0
3312,23/10/2017,2,9,23,35,38,48,20,2,3,3,2,0,1,2,1,2.0,4033779.0,11.0,66609.0,299.0,1685.0,702.0,392.0,15654.0,50.0,20311.0,25.0,290114.0,10.0
3310,16/10/2017,6,11,12,34,36,49,3,6,2,4,1,2,0,2,1,0.0,0.0,1.0,319162.0,140.0,1568.0,322.0,372.0,5938.0,50.0,10551.0,25.0,118814.0,10.0
3309,12/10/2017,6,14,17,21,22,37,15,"6,14,17",3,3,1,2,2,1,0,0.0,0.0,2.0,114894.0,99.0,1596.0,253.0,341.0,4901.0,50.0,6757.0,25.0,90667.0,10.0
3308,9/10/2017,6,14,17,40,43,49,48,40,3,3,1,2,0,1,2,1.0,8380725.0,12.0,65088.0,223.0,2408.0,779.0,376.0,14319.0,50.0,19984.0,25.0,273524.0,10.0
3307,5/10/2017,9,19,23,36,40,44,20,23,3,3,1,1,1,2,1,0.0,0.0,6.0,73148.0,173.0,1745.0,523.0,315.0,8929.0,50.0,13094.0,25.0,169225.0,10.0
3305,28/9/2017,11,12,26,27,29,33,10,26,4,2,0,2,3,1,0,0.0,0.0,5.0,45286.0,93.0,1674.0,433.0,197.0,5561.0,50.0,10428.0,25.0,98704.0,10.0
3303,21/9/2017,9,14,15,28,35,37,2,15,4,2,1,2,1,2,0,0.0,0.0,0.0,0.0,80.0,1893.0,218.0,379.0,4653.0,50.0,6804.0,25.0,90219.0,10.0
3302,18/9/2017,3,15,22,24,32,43,35,15,3,3,1,1,2,1,1,1.0,8030687.0,4.0,185751.0,338.0,1512.0,754.0,370.0,14744.0,50.0,19547.0,25.0,269684.0,10.0
3298,4/9/2017,10,11,22,36,38,46,13,36,1,5,1,1,1,2,1,2.0,2311781.0,1.0,451212.0,205.0,1514.0,361.0,469.0,8989.0,50.0,12255.0,25.0,169109.0,10.0
3297,31/8/2017,3,36,39,40,44,47,14,39,3,3,1,0,0,3,2,0.0,0.0,1.0,522170.0,68.0,2926.0,240.0,453.0,4554.0,50.0,6528.0,25.0,90630.0,10.0
3296,28/8/2017,1,21,29,35,39,46,8,39,5,1,1,0,2,2,1,0.0,0.0,0.0,0.0,64.0,2501.0,227.0,385.0,3516.0,50.0,6804.0,25.0,69429.0,10.0
3294,21/8/2017,4,7,12,18,42,47,41,47,2,4,2,2,0,0,2,1.0,7922612.0,8.0,95597.0,337.0,1561.0,801.0,359.0,18226.0,50.0,21603.0,25.0,327776.0,10.0
3293,17/8/2017,11,15,29,39,41,47,25,39,6,0,0,2,1,1,2,0.0,0.0,4.0,100087.0,112.0,2458.0,362.0,415.0,7077.0,50.0,10254.0,25.0,137708.0,10.0
3292,14/8/2017,2,8,17,22,39,46,6,"39,46",2,4,2,1,1,1,1,0.0,0.0,3.0,95297.0,124.0,1586.0,383.0,280.0,6666.0,50.0,11580.0,25.0,118231.0,10.0
3291,10/8/2017,1,31,39,45,46,49,34,46,5,1,1,0,0,2,3,0.0,0.0,1.0,216908.0,61.0,2445.0,176.0,463.0,3569.0,50.0,4247.0,25.0,66742.0,10.0
3289,3/8/2017,14,19,22,27,32,36,40,14,2,4,0,2,2,2,0,1.0,1074800.0,1.0,226274.0,88.0,1768.0,197.0,431.0,4247.0,50.0,5308.0,25.0,78674.0,10.0
3288,31/7/2017,11,13,14,16,30,43,47,14,3,3,0,4,1,0,1,1.0,2469476.0,2.0,152360.0,105.0,1996.0,260.0,440.0,6262.0,50.0,6545.0,25.0,116697.0,10.0
3287,27/7/2017,14,20,24,33,37,41,18,41,3,3,0,2,1,2,1,0.0,0.0,2.0,107585.0,89.0,1663.0,214.0,378.0,4007.0,50.0,5224.0,25.0,70771.0,10.0
3286,24/7/2017,2,22,23,32,35,41,7,"35,41",3,3,1,0,2,2,1,1.0,4418860.0,5.0,85583.0,208.0,1415.0,526.0,306.0,8951.0,50.0,13705.0,25.0,153630.0,10.0
3285,20/7/2017,8,11,35,39,41,43,13,11,5,1,1,1,0,2,2,0.0,0.0,4.0,68632.0,87.0,2170.0,305.0,338.0,5196.0,50.0,7749.0,25.0,97663.0,10.0
3281,6/7/2017,2,4,7,26,40,47,35,7,2,4,3,0,1,1,1,0.0,0.0,0.0,0.0,83.0,1878.0,203.0,419.0,5103.0,50.0,5269.0,25.0,91926.0,10.0
3280,3/7/2017,5,7,9,27,31,34,40,9,5,1,3,0,1,2,0,2.0,559576.0,2.0,117806.0,158.0,1026.0,244.0,363.0,7999.0,50.0,6676.0,25.0,133621.0,10.0
3278,26/6/2017,14,20,21,23,25,37,15,20,4,2,0,2,3,1,0,0.0,0.0,1.0,292980.0,110.0,1832.0,297.0,370.0,6329.0,50.0,8753.0,25.0,109179.0,10.0
3276,19/6/2017,1,23,30,34,40,42,14,23,2,4,1,0,2,2,1,1.0,4278784.0,4.0,102140.0,170.0,1653.0,351.0,437.0,7444.0,50.0,10061.0,25.0,135526.0,10.0
3275,15/6/2017,20,21,23,37,39,47,31,"21,23",5,1,0,1,2,2,1,0.0,0.0,2.0,133357.0,71.0,2583.0,212.0,472.0,4022.0,50.0,6178.0,25.0,80171.0,10.0
3273,8/6/2017,5,7,22,25,34,40,1,40,3,3,2,0,2,2,0,1.0,1046310.0,4.0,55069.0,91.0,1665.0,261.0,317.0,5021.0,50.0,7522.0,25.0,91133.0,10.0
3272,5/6/2017,15,21,23,24,39,40,18,15,4,2,0,1,3,2,0,1.0,2436206.0,3.0,97501.0,117.0,1719.0,255.0,431.0,5167.0,50.0,7401.0,25.0,98461.0,10.0
3271,1/6/2017,9,15,17,22,44,46,2,15,3,3,1,2,1,0,2,0.0,0.0,1.0,220385.0,79.0,1918.0,234.0,354.0,4029.0,50.0,6875.0,25.0,80879.0,10.0
3269,25/5/2017,3,8,11,32,44,46,12,44,2,4,2,1,0,1,2,0.0,0.0,0.0,0.0,87.0,1771.0,181.0,465.0,4350.0,50.0,7242.0,25.0,85690.0,10.0
3268,22/5/2017,21,24,31,34,37,44,45,44,3,3,0,0,2,3,1,1.0,1099071.0,0.0,0.0,164.0,970.0,158.0,550.0,3848.0,50.0,4641.0,25.0,73077.0,10.0
3267,18/5/2017,4,23,43,44,46,48,16,23,2,4,1,0,1,0,4,2.0,529816.0,3.0,74361.0,63.0,2435.0,151.0,554.0,3744.0,50.0,4590.0,25.0,67663.0,10.0
3266,15/5/2017,8,14,16,23,24,27,5,"8,27",2,4,1,2,3,0,0,2.0,2233143.0,9.0,46505.0,203.0,1418.0,649.0,242.0,9442.0,50.0,18179.0,25.0,168566.0,10.0
3265,11/5/2017,8,9,12,18,27,45,13,45,3,3,2,2,1,0,1,0.0,0.0,3.0,94188.0,283.0,687.0,414.0,256.0,10929.0,50.0,10969.0,25.0,156130.0,10.0
3262,1/5/2017,8,17,24,29,32,45,14,32,3,3,1,1,2,1,1,0.0,0.0,2.0,148469.0,117.0,1745.0,365.0,306.0,5795.0,50.0,7888.0,25.0,111683.0,10.0
3261,27/4/2017,4,7,15,31,32,43,37,"31,32",4,2,2,1,0,2,1,0.0,0.0,1.0,224332.0,66.0,2337.0,152.0,554.0,4292.0,50.0,5234.0,25.0,84699.0,10.0
3260,24/4/2017,2,8,22,31,32,35,36,2,2,4,2,0,1,3,0,1.0,1106963.0,3.0,77682.0,85.0,1885.0,235.0,372.0,4795.0,50.0,6392.0,25.0,92774.0,10.0
3259,20/4/2017,2,12,25,28,37,38,22,"12,25,28",2,4,1,1,2,2,0,1.0,1075999.0,4.0,56632.0,83.0,1877.0,255.0,334.0,4584.0,50.0,7238.0,25.0,86240.0,10.0
3256,10/4/2017,13,19,20,23,29,31,48,20,5,1,0,3,2,1,0,0.0,0.0,2.0,124656.0,139.0,1234.0,194.0,482.0,6193.0,50.0,5432.0,25.0,106984.0,10.0
3254,3/4/2017,1,28,30,32,40,48,31,28,1,5,1,0,2,2,1,0.0,0.0,6.0,54343.0,119.0,1884.0,244.0,502.0,5263.0,50.0,7750.0,25.0,103444.0,10.0
3253,30/3/2017,28,34,38,39,42,46,24,28,1,5,0,0,1,3,2,0.0,0.0,2.0,120087.0,54.0,3058.0,175.0,515.0,3527.0,50.0,5504.0,25.0,71263.0,10.0
3252,27/3/2017,1,27,28,40,41,44,36,"28,44",3,3,1,0,2,1,2,0.0,0.0,4.0,2138384.0,224.0,2110.0,580.0,445.0,12946.0,50.0,17108.0,25.0,237924.0,10.0
3250,20/3/2017,6,20,30,41,42,45,35,20,2,4,1,1,1,0,3,0.0,0.0,4.0,78380.0,74.0,2913.0,240.0,490.0,5409.0,50.0,7983.0,25.0,105543.0,10.0
3248,13/3/2017,6,28,30,35,39,42,33,6,2,4,1,0,2,2,1,1.0,4879381.0,2.0,227669.0,156.0,2007.0,397.0,431.0,8067.0,50.0,11608.0,25.0,154892.0,10.0
3246,6/3/2017,16,22,28,36,39,47,3,36,2,4,0,1,2,2,1,0.0,0.0,1.0,260299.0,78.0,2295.0,251.0,389.0,4397.0,50.0,6914.0,25.0,80396.0,10.0
3245,2/3/2017,8,14,20,35,36,41,38,35,2,4,1,2,0,2,1,1.0,1241306.0,2.0,130664.0,139.0,1293.0,229.0,428.0,5137.0,50.0,6504.0,25.0,93943.0,10.0
3242,20/2/2017,2,6,13,17,23,46,3,17,3,3,2,2,1,0,1,0.0,0.0,2.0,238074.0,184.0,1780.0,584.0,306.0,11097.0,50.0,18530.0,25.0,198395.0,10.0
3240,13/2/2017,7,10,19,23,24,33,3,"7,24",4,2,2,1,2,1,0,0.0,0.0,5.0,53647.0,128.0,1441.0,403.0,250.0,6865.0,50.0,12078.0,25.0,118501.0,10.0
3237,2/2/2017,11,20,21,29,37,48,23,21,4,2,0,2,2,1,1,0.0,0.0,8.0,70619.0,182.0,2135.0,565.0,375.0,10666.0,50.0,14967.0,25.0,202080.0,10.0
3236,30/1/2017,21,22,25,27,32,39,6,22,4,2,0,0,4,2,0,0.0,0.0,5.0,77952.0,150.0,1787.0,336.0,435.0,7551.0,50.0,11589.0,25.0,136121.0,10.0
3234,23/1/2017,5,14,23,28,45,49,39,"5,49",4,2,1,1,2,0,2,1.0,4942864.0,6.0,78776.0,241.0,1349.0,408.0,435.0,10367.0,50.0,11695.0,25.0,186504.0,10.0
3230,9/1/2017,8,29,33,34,42,49,21,33,3,3,1,0,1,2,2,0.0,0.0,2.0,227550.0,114.0,2745.0,401.0,426.0,7641.0,50.0,11635.0,25.0,152568.0,10.0
3227,29/12/2016,2,4,34,36,42,46,15,46,0,6,2,0,0,2,2,1.0,1121765.0,1.0,236161.0,86.0,1888.0,160.0,554.0,3832.0,50.0,5067.0,25.0,73474.0,10.0
3226,26/12/2016,8,10,18,25,28,46,23,28,1,5,2,1,2,0,1,3.0,368554.0,4.0,58193.0,118.0,1357.0,317.0,276.0,7303.0,50.0,8507.0,25.0,115490.0,10.0
3224,19/12/2016,10,11,24,27,36,49,43,24,3,3,1,1,2,1,1,0.0,0.0,2.0,358021.0,201.0,1492.0,363.0,451.0,9823.0,50.0,10404.0,25.0,177472.0,10.0
3223,15/12/2016,4,18,24,39,46,47,10,46,2,4,1,1,1,1,2,0.0,0.0,0.0,0.0,87.0,2214.0,174.0,604.0,4518.0,50.0,6429.0,25.0,86537.0,10.0
3222,12/12/2016,2,14,31,36,43,46,39,46,2,4,1,1,0,2,2,0.0,0.0,2.0,117580.0,65.0,2488.0,181.0,488.0,3449.0,50.0,5010.0,25.0,69516.0,10.0
3221,8/12/2016,6,8,11,24,37,46,23,"11,24,37",2,4,2,1,1,1,1,1.0,1040938.0,3.0,73049.0,82.0,1838.0,257.0,320.0,5779.0,50.0,7026.0,25.0,102349.0,10.0
3220,5/12/2016,5,9,11,19,24,37,36,"19,24",5,1,2,2,1,1,0,1.0,7433542.0,7.0,96676.0,490.0,950.0,822.0,309.0,21511.0,50.0,22079.0,25.0,346245.0,10.0
3219,1/12/2016,3,4,8,19,24,46,12,"4,24",2,4,3,1,1,0,1,0.0,0.0,7.0,55534.0,171.0,1563.0,676.0,216.0,9453.0,50.0,17715.0,25.0,166905.0,10.0
3218,28/11/2016,2,4,15,24,37,48,6,2,2,4,2,1,1,1,1,0.0,0.0,3.0,95203.0,110.0,1786.0,342.0,314.0,5133.0,50.0,9180.0,25.0,96313.0,10.0
3217,24/11/2016,2,3,17,19,22,40,20,40,3,3,2,2,1,1,0,0.0,0.0,2.0,106945.0,72.0,2043.0,268.0,300.0,4597.0,50.0,7118.0,25.0,85564.0,10.0
3216,21/11/2016,4,21,25,40,47,48,49,21,3,3,1,0,2,1,2,1.0,2455190.0,5.0,58714.0,79.0,2555.0,250.0,441.0,4735.0,50.0,7795.0,25.0,92954.0,10.0
3215,17/11/2016,1,21,31,36,39,43,38,31,5,1,1,0,1,3,1,0.0,0.0,2.0,111657.0,85.0,1807.0,160.0,524.0,3661.0,50.0,4813.0,25.0,72230.0,10.0
3213,10/11/2016,17,22,26,34,41,47,42,41,3,3,0,1,2,1,2,0.0,0.0,1.0,389050.0,137.0,1953.0,321.0,455.0,6607.0,50.0,8572.0,25.0,124996.0,10.0
3212,7/11/2016,1,13,21,41,48,49,22,1,5,1,1,1,1,0,3,0.0,0.0,2.0,144519.0,86.0,2311.0,252.0,431.0,5403.0,50.0,7037.0,25.0,99517.0,10.0
3211,3/11/2016,1,11,19,26,35,39,14,19,5,1,1,2,1,2,0,0.0,0.0,1.0,518824.0,77.0,1974.0,215.0,386.0,4989.0,50.0,6123.0,25.0,91571.0,10.0
3203,6/10/2016,6,13,19,25,26,39,35,6,4,2,1,2,2,1,0,0.0,0.0,2.0,4367166.0,263.0,1866.0,704.0,381.0,16365.0,50.0,21098.0,25.0,300785.0,10.0
3201,29/9/2016,1,3,4,24,34,48,29,48,2,4,3,0,1,1,1,0.0,0.0,2.0,147340.0,112.0,1809.0,267.0,414.0,6566.0,50.0,8067.0,25.0,113142.0,10.0
3194,5/9/2016,3,9,14,21,32,40,7,3,3,3,2,1,1,2,0,0.0,0.0,6.0,50405.0,125.0,1664.0,439.0,259.0,6481.0,50.0,12146.0,25.0,120018.0,10.0
3193,1/9/2016,3,4,12,15,28,48,8,48,2,4,2,2,1,0,1,0.0,0.0,3.0,76558.0,92.0,1717.0,488.0,177.0,5342.0,50.0,13330.0,25.0,95227.0,10.0
3192,29/8/2016,11,19,23,32,48,49,34,11,4,2,0,2,1,1,2,1.0,2635787.0,2.0,406709.0,116.0,1885.0,252.0,474.0,6202.0,50.0,7004.0,25.0,113345.0,10.0
3191,25/8/2016,5,6,11,25,35,40,44,35,4,2,2,1,1,2,0,0.0,0.0,0.0,0.0,108.0,1509.0,245.0,363.0,6801.0,50.0,6497.0,25.0,121298.0,10.0
3190,22/8/2016,1,10,35,36,41,49,48,"10,36",4,2,2,0,0,2,2,1.0,1227949.0,0.0,0.0,98.0,1814.0,170.0,571.0,4175.0,50.0,5700.0,25.0,82766.0,10.0
3185,4/8/2016,1,8,29,31,37,42,23,37,4,2,2,0,1,2,1,1.0,2515240.0,8.0,36379.0,86.0,2327.0,338.0,323.0,6011.0,50.0,8548.0,25.0,112357.0,10.0
3184,1/8/2016,6,14,24,36,37,39,27,"6,36",2,4,1,1,1,3,0,0.0,0.0,2.0,119250.0,74.0,2216.0,198.0,452.0,4076.0,50.0,5832.0,25.0,79791.0,10.0
3183,28/7/2016,4,6,8,15,29,36,9,6,2,4,3,1,1,1,0,1.0,4415209.0,6.0,118842.0,210.0,1371.0,1028.0,153.0,11514.0,50.0,25363.0,25.0,190113.0,10.0
3182,25/7/2016,6,26,38,40,44,49,16,44,1,5,1,0,1,2,2,0.0,0.0,0.0,0.0,74.0,2735.0,229.0,482.0,4809.0,50.0,7427.0,25.0,93518.0,10.0
3180,18/7/2016,8,11,22,35,36,46,43,11,2,4,1,1,1,2,1,1.0,4497222.0,8.0,53707.0,178.0,1660.0,458.0,352.0,8707.0,50.0,10846.0,25.0,162687.0,10.0
3178,11/7/2016,7,21,22,30,35,39,19,"21,30",4,2,1,0,3,2,0,0.0,0.0,5.0,46997.0,68.0,2376.0,226.0,390.0,4471.0,50.0,6619.0,25.0,87763.0,10.0
3176,4/7/2016,11,18,26,27,34,46,22,11,2,4,0,2,2,1,1,0.0,0.0,0.0,0.0,58.0,2802.0,199.0,446.0,4026.0,50.0,6262.0,25.0,78625.0,10.0
3175,30/6/2016,11,12,15,16,21,32,47,12,3,3,0,4,1,1,0,1.0,4428208.0,1.0,410601.0,237.0,1192.0,361.0,427.0,12100.0,50.0,9685.0,25.0,191552.0,10.0
3174,27/6/2016,1,12,13,14,38,40,34,1,2,4,1,3,0,2,0,0.0,0.0,3.0,100254.0,80.0,2585.0,225.0,502.0,5356.0,50.0,6985.0,25.0,109529.0,10.0
3171,16/6/2016,5,11,30,36,44,46,16,30,2,4,1,1,1,1,2,0.0,0.0,4.0,56032.0,79.0,1951.0,285.0,295.0,4264.0,50.0,8084.0,25.0,79764.0,10.0
3169,9/6/2016,12,21,27,28,35,43,47,12,4,2,0,1,3,1,1,0.0,0.0,1.0,225070.0,78.0,1984.0,180.0,469.0,4429.0,50.0,4649.0,25.0,85390.0,10.0
3167,2/6/2016,1,15,23,25,33,42,44,33,5,1,1,1,2,1,1,0.0,0.0,4.0,181551.0,147.0,1986.0,355.0,449.0,8306.0,50.0,9980.0,25.0,160178.0,10.0
3165,26/5/2016,7,15,19,31,32,40,47,"7,31",4,2,1,2,0,3,0,0.0,0.0,2.0,112263.0,67.0,2304.0,149.0,566.0,4186.0,50.0,4426.0,25.0,81381.0,10.0
3162,16/5/2016,1,10,24,26,36,47,4,1,2,4,2,0,2,1,1,1.0,8045163.0,8.0,91209.0,255.0,1968.0,598.0,458.0,13751.0,50.0,20354.0,25.0,261092.0,10.0
3161,12/5/2016,1,4,23,40,46,48,34,1,2,4,2,0,1,1,2,0.0,0.0,1.0,421333.0,169.0,1714.0,323.0,490.0,7487.0,50.0,9891.0,25.0,141934.0,10.0
3160,9/5/2016,1,12,26,29,39,49,42,49,4,2,1,1,2,1,1,0.0,0.0,3.0,103092.0,96.0,2215.0,244.0,476.0,6121.0,50.0,7075.0,25.0,112758.0,10.0
3159,5/5/2016,9,20,23,46,48,49,42,9,3,3,1,1,1,0,3,0.0,0.0,2.0,116721.0,98.0,1638.0,227.0,386.0,4916.0,50.0,5451.0,25.0,82815.0,10.0
3157,28/4/2016,3,20,26,31,34,40,30,3,2,4,1,1,1,3,0,1.0,4661193.0,2.0,215039.0,176.0,1680.0,374.0,432.0,8061.0,50.0,12270.0,25.0,151977.0,10.0
3155,21/4/2016,13,14,19,32,33,48,42,14,3,3,0,3,0,2,1,0.0,0.0,0.0,0.0,81.0,1964.0,166.0,523.0,3833.0,50.0,5047.0,25.0,73790.0,10.0
3154,18/4/2016,11,14,21,28,30,39,49,28,3,3,0,2,3,1,0,1.0,1105998.0,0.0,0.0,79.0,2027.0,180.0,486.0,4773.0,50.0,5427.0,25.0,92072.0,10.0
3151,7/4/2016,1,7,30,32,38,46,23,38,2,4,2,0,1,2,1,0.0,0.0,3.0,97561.0,95.0,2119.0,249.0,441.0,4651.0,50.0,8395.0,25.0,99123.0,10.0
3150,4/4/2016,10,15,22,28,34,38,12,22,1,5,1,1,2,2,0,0.0,0.0,3.0,81023.0,98.0,1706.0,273.0,334.0,4794.0,50.0,7684.0,25.0,87544.0,10.0
3149,31/3/2016,20,21,22,31,39,46,32,39,3,3,0,1,2,2,1,1.0,2612507.0,1.0,303923.0,103.0,2029.0,260.0,439.0,5575.0,50.0,7137.0,25.0,107200.0,10.0
3148,28/3/2016,8,9,15,28,36,39,33,"9,28",3,3,2,1,1,2,0,0.0,0.0,4.0,61520.0,166.0,1020.0,361.0,256.0,7258.0,50.0,9321.0,25.0,118919.0,10.0
3146,21/3/2016,8,12,20,39,43,47,9,20,3,3,1,2,0,1,2,0.0,0.0,2.0,127994.0,103.0,1709.0,272.0,353.0,4769.0,50.0,8572.0,25.0,89835.0,10.0
3145,17/3/2016,2,3,20,21,30,33,12,33,3,3,2,1,2,1,0,1.0,1159310.0,9.0,27119.0,133.0,1262.0,578.0,159.0,6374.0,50.0,12752.0,25.0,106305.0,10.0
3144,14/3/2016,8,10,24,29,31,33,4,"29,33",3,3,2,0,2,2,0,4.0,2163551.0,8.0,94675.0,296.0,1760.0,885.0,321.0,17179.0,50.0,24257.0,25.0,307158.0,10.0
3143,10/3/2016,25,29,32,33,34,49,13,33,4,2,0,0,2,3,1,0.0,0.0,2.0,228128.0,132.0,2377.0,387.0,443.0,7974.0,50.0,11974.0,25.0,150313.0,10.0
3142,7/3/2016,9,18,30,33,45,47,25,33,4,2,1,1,1,1,2,0.0,0.0,3.0,115253.0,107.0,2222.0,334.0,389.0,6596.0,50.0,10062.0,25.0,127981.0,10.0
3140,29/2/2016,8,11,15,17,28,47,18,17,4,2,1,3,1,0,1,3.0,1818836.0,3.0,175685.0,271.0,1338.0,664.0,298.0,12712.0,50.0,19848.0,25.0,233894.0,10.0
3138,22/2/2016,10,18,22,37,39,40,46,18,2,4,1,1,1,3,0,0.0,0.0,4.0,71289.0,89.0,2203.0,230.0,465.0,5313.0,50.0,6467.0,25.0,101494.0,10.0
3137,19/2/2016,16,18,20,21,27,49,23,49,3,3,0,3,2,0,1,2.0,6971841.0,20.0,122838.0,936.0,1805.0,2542.0,363.0,53319.0,50.0,71812.0,25.0,964183.0,10.0
3136,15/2/2016,3,5,29,40,43,49,21,49,5,1,2,0,1,1,2,0.0,0.0,3.0,136081.0,129.0,2176.0,341.0,449.0,7186.0,50.0,10004.0,25.0,142204.0,10.0
3134,8/2/2016,13,14,16,21,24,42,7,21,2,4,0,3,2,0,1,0.0,0.0,9.0,56127.0,212.0,1639.0,535.0,355.0,10250.0,50.0,16438.0,25.0,188575.0,10.0
3132,1/2/2016,9,10,11,22,23,32,6,22,3,3,2,1,2,1,0,0.0,0.0,4.0,66156.0,218.0,835.0,621.0,160.0,8935.0,50.0,14566.0,25.0,134191.0,10.0
3131,28/1/2016,4,20,22,40,41,48,21,"40,48",1,5,1,1,1,1,2,1.0,4969571.0,3.0,267984.0,158.0,2055.0,395.0,449.0,8582.0,50.0,11648.0,25.0,162308.0,10.0
3129,21/1/2016,2,11,23,24,33,44,28,11,3,3,1,1,2,1,1,0.0,0.0,6.0,40380.0,92.0,1811.0,297.0,306.0,4822.0,50.0,7400.0,25.0,90849.0,10.0
3128,18/1/2016,4,11,40,43,48,49,17,4,3,3,1,1,0,1,3,1.0,2814695.0,5.0,66966.0,108.0,2132.0,297.0,423.0,5845.0,50.0,8262.0,25.0,110335.0,10.0
3126,11/1/2016,13,20,22,29,36,37,33,20,3,3,0,2,2,2,0,0.0,0.0,2.0,4559710.0,300.0,1732.0,643.0,441.0,14594.0,50.0,20967.0,25.0,273872.0,10.0
3125,7/1/2016,3,5,6,20,21,45,33,3,4,2,3,1,1,0,1,0.0,0.0,5.0,88259.0,212.0,1432.0,547.0,303.0,11876.0,50.0,14203.0,25.0,206662.0,10.0
3124,4/1/2016,3,9,18,28,31,46,32,9,3,3,2,1,1,1,1,0.0,0.0,2.0,281992.0,124.0,1748.0,261.0,453.0,7530.0,50.0,8103.0,25.0,135097.0,10.0
3123,31/12/2015,9,21,23,35,38,41,36,35,5,1,1,0,2,2,1,0.0,0.0,0.0,0.0,81.0,2113.0,205.0,456.0,5103.0,50.0,6201.0,25.0,99270.0,10.0
3119,17/12/2015,2,12,17,19,20,33,27,33,3,3,1,4,0,1,0,1.0,1091584.0,8.0,28726.0,143.0,1105.0,345.0,250.0,7302.0,50.0,9567.0,25.0,116162.0,10.0
3117,10/12/2015,4,8,11,39,44,46,29,44,2,4,2,1,0,1,2,0.0,0.0,5.0,107778.0,91.0,2250.0,266.0,420.0,5551.0,50.0,7970.0,25.0,111735.0,10.0
3115,3/12/2015,17,20,34,37,43,48,32,37,3,3,0,2,0,2,2,2.0,3859582.0,1.0,651039.0,219.0,2044.0,500.0,489.0,11506.0,50.0,15370.0,25.0,212738.0,10.0
3114,30/11/2015,11,31,35,37,44,46,42,"44,46",4,2,0,1,0,3,2,0.0,0.0,4.0,111652.0,143.0,2148.0,369.0,454.0,7637.0,50.0,10732.0,25.0,145098.0,10.0
3113,26/11/2015,2,24,34,43,44,46,28,"44,46",1,5,1,0,1,1,3,0.0,0.0,1.0,290744.0,87.0,2298.0,208.0,525.0,4811.0,50.0,6238.0,25.0,91216.0,10.0
3110,16/11/2015,3,5,18,41,46,48,40,41,3,3,2,1,0,0,3,0.0,0.0,1.0,306509.0,106.0,1988.0,217.0,530.0,5346.0,50.0,6914.0,25.0,105131.0,10.0
3107,5/11/2015,2,26,27,28,37,47,17,27,3,3,1,0,3,1,1,0.0,0.0,5.0,78316.0,152.0,1772.0,505.0,291.0,7125.0,50.0,12571.0,25.0,135404.0,10.0
3106,2/11/2015,1,10,18,27,35,48,30,18,3,3,2,1,1,1,1,0.0,0.0,3.0,168872.0,125.0,1612.0,248.0,444.0,5905.0,50.0,7681.0,25.0,109066.0,10.0
3104,26/10/2015,1,5,22,28,48,49,8,"5,22,48,49",3,3,2,0,2,0,2,1.0,2373626.0,3.0,95096.0,99.0,1982.0,387.0,277.0,5882.0,50.0,11467.0,25.0,98078.0,10.0
3101,15/10/2015,7,14,23,25,28,33,31,28,4,2,1,1,3,1,0,0.0,0.0,1.0,273589.0,98.0,1920.0,294.0,349.0,6329.0,50.0,8290.0,25.0,113563.0,10.0
3100,12/10/2015,6,11,17,28,41,48,19,6,3,3,1,2,1,0,2,0.0,0.0,3.0,76388.0,82.0,1922.0,258.0,334.0,4572.0,50.0,7158.0,25.0,86792.0,10.0
3099,8/10/2015,6,8,15,20,25,45,22,20,3,3,2,2,1,0,1,1.0,1051401.0,5.0,44270.0,182.0,837.0,413.0,201.0,8761.0,50.0,8384.0,25.0,121610.0,10.0
3097,1/10/2015,3,6,15,27,36,41,49,41,4,2,2,1,1,1,1,1.0,4241221.0,0.0,0.0,171.0,1586.0,332.0,446.0,8986.0,50.0,8957.0,25.0,162573.0,10.0
3096,28/9/2015,12,32,35,40,41,47,25,40,3,3,0,1,0,3,2,0.0,0.0,2.0,143043.0,90.0,2186.0,211.0,509.0,4535.0,50.0,6326.0,25.0,86854.0,10.0
3095,24/9/2015,8,16,25,29,31,40,11,8,3,3,1,1,2,2,0,0.0,0.0,5.0,42498.0,99.0,1476.0,309.0,258.0,4445.0,50.0,7724.0,25.0,81760.0,10.0
3094,21/9/2015,8,9,10,19,28,33,24,8,3,3,3,1,1,1,0,4.0,1077108.0,6.0,69317.0,442.0,647.0,758.0,206.0,18152.0,50.0,17136.0,25.0,254025.0,10.0
3090,7/9/2015,1,3,12,15,26,31,16,1,4,2,2,2,1,1,0,1.0,2501485.0,2.0,148898.0,201.0,1019.0,342.0,327.0,8958.0,50.0,10650.0,25.0,146499.0,10.0
3089,3/9/2015,1,9,10,23,24,32,5,9,3,3,3,0,2,1,0,0.0,0.0,3.0,76278.0,145.0,1085.0,525.0,164.0,6718.0,50.0,13944.0,25.0,111294.0,10.0
3088,31/8/2015,5,8,9,12,18,48,24,48,2,4,3,2,0,0,1,2.0,1256952.0,4.0,76767.0,338.0,625.0,636.0,182.0,14766.0,50.0,14504.0,25.0,203399.0,10.0
3087,27/8/2015,13,16,19,23,25,48,11,23,4,2,0,3,2,0,1,0.0,0.0,1.0,222179.0,72.0,2122.0,216.0,386.0,4059.0,50.0,7868.0,25.0,78617.0,10.0
3086,24/8/2015,5,7,8,23,29,33,42,33,5,1,3,0,2,1,0,1.0,7281576.0,8.0,80449.0,423.0,1047.0,848.0,285.0,20940.0,50.0,20230.0,25.0,342106.0,10.0
3083,13/8/2015,8,10,12,34,38,48,19,"8,12",0,6,2,1,0,2,1,0.0,0.0,1.0,216117.0,91.0,1633.0,251.0,323.0,5102.0,50.0,6992.0,25.0,93469.0,10.0
3080,3/8/2015,18,21,23,25,26,41,40,"21,25",4,2,0,1,4,0,1,4.0,1062436.0,4.0,102618.0,136.0,2075.0,345.0,447.0,8420.0,50.0,9541.0,25.0,153737.0,10.0
3077,23/7/2015,4,13,18,24,34,37,48,34,2,4,1,2,1,2,0,1.0,4098115.0,3.0,126857.0,168.0,1558.0,305.0,468.0,7979.0,50.0,8598.0,25.0,142178.0,10.0
3075,16/7/2015,2,10,30,32,42,48,19,42,0,6,2,0,1,1,2,0.0,0.0,3.0,70336.0,65.0,2232.0,347.0,229.0,3186.0,50.0,5262.0,25.0,66436.0,10.0
3074,13/7/2015,31,33,34,35,37,42,6,"33,42",4,2,0,0,0,5,1,1.0,1045633.0,1.0,220134.0,77.0,1966.0,149.0,555.0,3948.0,50.0,5020.0,25.0,67143.0,10.0
3072,6/7/2015,1,6,9,18,21,35,26,21,4,2,3,1,1,1,0,2.0,2138108.0,6.0,70080.0,288.0,1004.0,630.0,251.0,13264.0,50.0,14497.0,25.0,213821.0,10.0
3070,29/6/2015,2,14,15,26,29,31,8,"14,29",3,3,1,2,2,1,0,0.0,0.0,3.0,70802.0,101.0,1446.0,273.0,292.0,4661.0,50.0,8351.0,25.0,83093.0,10.0
3065,11/6/2015,7,11,13,16,38,46,41,38,3,3,1,3,0,1,1,2.0,3505578.0,4.0,145115.0,228.0,1751.0,534.0,408.0,12539.0,50.0,15185.0,25.0,237223.0,10.0
3063,4/6/2015,3,6,8,14,18,41,31,14,2,4,3,2,0,0,1,0.0,0.0,10.0,26182.0,179.0,1006.0,515.0,191.0,8715.0,50.0,10468.0,25.0,133142.0,10.0
3062,1/6/2015,5,9,14,29,32,36,28,5,3,3,2,1,1,2,0,0.0,0.0,5.0,44115.0,117.0,1297.0,289.0,287.0,5297.0,50.0,7572.0,25.0,96223.0,10.0
3061,28/5/2015,5,13,20,26,31,38,6,"13,26",3,3,1,2,1,2,0,1.0,2265623.0,5.0,52107.0,119.0,1506.0,416.0,235.0,6983.0,50.0,10672.0,25.0,116935.0,10.0
3059,21/5/2015,6,20,22,35,36,41,8,41,2,4,1,1,1,2,1,1.0,2291593.0,1.0,263097.0,89.0,2033.0,237.0,417.0,4878.0,50.0,7852.0,25.0,91535.0,10.0
3058,18/5/2015,17,23,32,33,41,45,15,"17,45",5,1,0,1,1,2,2,0.0,0.0,1.0,219345.0,60.0,2514.0,182.0,452.0,3985.0,50.0,5508.0,25.0,74126.0,10.0
3055,7/5/2015,8,10,17,24,32,43,26,17,2,4,2,1,1,1,1,1.0,1037428.0,2.0,109203.0,89.0,1688.0,234.0,350.0,5142.0,50.0,7018.0,25.0,90982.0,10.0
3053,30/4/2015,18,19,28,37,46,48,4,46,2,4,0,2,1,1,2,0.0,0.0,2.0,109996.0,58.0,2608.0,178.0,464.0,4414.0,50.0,5552.0,25.0,71746.0,10.0
3051,23/4/2015,1,9,15,28,42,45,40,9,4,2,2,1,1,0,2,0.0,0.0,3.0,94306.0,134.0,1452.0,297.0,358.0,6796.0,50.0,7206.0,25.0,124593.0,10.0
3049,16/4/2015,3,4,18,32,35,48,6,32,2,4,2,1,0,2,1,1.0,2574194.0,2.0,149212.0,86.0,2386.0,279.0,402.0,5352.0,50.0,8390.0,25.0,107929.0,10.0
3048,13/4/2015,6,13,31,32,40,43,3,"6,43",3,3,1,1,0,3,1,0.0,0.0,6.0,40586.0,75.0,2233.0,240.0,381.0,4717.0,50.0,7463.0,25.0,89603.0,10.0
3047,9/4/2015,6,12,21,24,25,43,29,21,3,3,1,1,3,0,1,3.0,2452072.0,4.0,141451.0,271.0,1436.0,566.0,375.0,13089.0,50.0,16157.0,25.0,230814.0,10.0
3046,6/4/2015,3,18,21,42,45,49,25,42,4,2,1,1,1,0,3,0.0,0.0,8.0,52378.0,152.0,1896.0,414.0,380.0,7671.0,50.0,10421.0,25.0,147875.0,10.0
3045,2/4/2015,11,19,22,29,42,46,2,11,3,3,0,2,2,0,2,0.0,0.0,6.0,51284.0,110.0,1924.0,412.0,281.0,6035.0,50.0,10186.0,25.0,112731.0,10.0
3044,30/3/2015,11,12,30,38,45,47,6,"30,47",3,3,0,2,1,1,2,0.0,0.0,1.0,256151.0,95.0,1854.0,224.0,429.0,4621.0,50.0,7007.0,25.0,89459.0,10.0
3043,26/3/2015,5,21,30,33,39,47,43,5,5,1,1,0,2,2,1,0.0,0.0,2.0,4043670.0,186.0,2047.0,406.0,512.0,9696.0,50.0,12569.0,25.0,185469.0,10.0
3041,19/3/2015,3,15,26,29,38,45,49,45,4,2,1,1,2,1,1,0.0,0.0,0.0,0.0,101.0,2105.0,221.0,525.0,6289.0,50.0,6983.0,25.0,117351.0,10.0
3040,16/3/2015,7,10,19,41,43,45,31,19,5,1,2,1,0,0,3,0.0,0.0,6.0,42657.0,102.0,1726.0,279.0,344.0,5203.0,50.0,7060.0,25.0,96084.0,10.0
3039,12/3/2015,14,15,19,20,36,47,10,47,3,3,0,4,0,1,1,1.0,8042310.0,5.0,126322.0,211.0,2058.0,650.0,365.0,12045.0,50.0,18097.0,25.0,225594.0,10.0
3038,9/3/2015,9,11,38,39,44,47,3,"11,38,44,47",4,2,1,1,0,2,2,0.0,0.0,4.0,117269.0,214.0,1507.0,615.0,287.0,10624.0,50.0,16929.0,25.0,174678.0,10.0
3037,5/3/2015,5,10,11,38,44,47,20,44,3,3,2,1,0,1,2,0.0,0.0,1.0,340846.0,107.0,2191.0,382.0,335.0,7323.0,50.0,11078.0,25.0,142215.0,10.0
3033,19/2/2015,2,17,22,36,37,45,23,"22,36,37",3,3,1,1,1,2,1,1.0,1277739.0,0.0,0.0,104.0,1779.0,233.0,433.0,4942.0,50.0,6869.0,25.0,93260.0,10.0
3031,12/2/2015,12,13,26,32,42,47,39,32,2,4,0,2,1,1,2,0.0,0.0,4.0,102665.0,123.0,2296.0,333.0,463.0,7863.0,50.0,10539.0,25.0,149659.0,10.0
3030,9/2/2015,4,15,22,31,32,36,6,31,2,4,1,1,1,3,0,0.0,0.0,5.0,62100.0,116.0,1841.0,291.0,401.0,6006.0,50.0,9267.0,25.0,113319.0,10.0
3029,5/2/2015,8,10,25,31,45,48,2,8,3,3,2,0,1,1,2,0.0,0.0,3.0,76297.0,94.0,1675.0,248.0,347.0,4376.0,50.0,7392.0,25.0,85670.0,10.0
3027,29/1/2015,6,15,38,40,45,49,27,6,3,3,1,1,0,2,2,0.0,0.0,1.0,506072.0,73.0,2700.0,210.0,512.0,4627.0,50.0,6821.0,25.0,93772.0,10.0
3025,22/1/2015,5,12,26,31,40,47,25,31,3,3,1,1,1,2,1,1.0,1000000.0,2.0,105158.0,96.0,1507.0,200.0,395.0,4241.0,50.0,6197.0,25.0,78576.0,10.0
3024,19/1/2015,21,24,25,31,33,36,13,33,4,2,0,0,3,3,0,2.0,2086876.0,4.0,100340.0,169.0,1633.0,452.0,333.0,7477.0,50.0,12150.0,25.0,139453.0,10.0
3021,8/1/2015,5,7,9,15,34,38,21,34,4,2,3,1,0,2,0,1.0,2318625.0,2.0,244066.0,190.0,968.0,342.0,294.0,7973.0,50.0,10083.0,25.0,136200.0,10.0
3020,5/1/2015,1,22,27,34,35,37,20,1,4,2,1,0,2,3,0,0.0,0.0,0.0,0.0,76.0,1997.0,189.0,438.0,3732.0,50.0,5298.0,25.0,72601.0,10.0
3019,1/1/2015,1,4,18,31,48,49,21,"1,4",3,3,2,1,0,1,2,1.0,2414115.0,2.0,144153.0,121.0,1639.0,277.0,391.0,5904.0,50.0,7801.0,25.0,112138.0,10.0
3018,29/12/2014,1,4,27,42,44,47,18,"1,42",3,3,2,0,1,0,3,0.0,0.0,1.0,219930.0,71.0,2130.0,184.0,449.0,3722.0,50.0,4994.0,25.0,69300.0,10.0
3017,25/12/2014,1,5,15,24,25,42,46,5,4,2,2,1,2,0,1,1.0,2300345.0,2.0,131515.0,214.0,846.0,229.0,431.0,9141.0,50.0,6115.0,25.0,137043.0,10.0
3014,15/12/2014,5,12,16,22,26,46,23,26,1,5,1,2,2,0,1,0.0,0.0,1.0,219249.0,97.0,1554.0,267.0,308.0,5541.0,50.0,7409.0,25.0,96007.0,10.0
3012,8/12/2014,17,21,28,29,39,47,46,17,5,1,0,1,3,1,1,0.0,0.0,1.0,228397.0,58.0,2708.0,186.0,461.0,4047.0,50.0,4674.0,25.0,78909.0,10.0
3008,24/11/2014,4,6,14,20,36,43,35,36,1,5,2,2,0,1,1,0.0,0.0,8.0,43349.0,176.0,1355.0,430.0,303.0,8716.0,50.0,10660.0,25.0,147735.0,10.0
3007,20/11/2014,2,3,5,19,25,36,16,2,4,2,3,1,1,1,0,0.0,0.0,11.0,23758.0,146.0,1231.0,445.0,221.0,7346.0,50.0,9266.0,25.0,123668.0,10.0
3006,17/11/2014,2,10,11,15,40,46,8,15,2,4,2,2,0,1,1,0.0,0.0,2.0,110596.0,90.0,1690.0,317.0,262.0,4378.0,50.0,9370.0,25.0,86466.0,10.0
3004,10/11/2014,2,16,19,29,33,42,34,2,3,3,1,2,1,1,1,0.0,0.0,3.0,117281.0,145.0,1669.0,286.0,462.0,6671.0,50.0,8275.0,25.0,126240.0,10.0
3003,6/11/2014,2,22,24,38,46,47,9,"38,47",1,5,1,0,2,1,2,0.0,0.0,3.0,84424.0,55.0,3166.0,192.0,495.0,3824.0,50.0,5943.0,25.0,77852.0,10.0
3001,30/10/2014,12,19,26,42,45,46,23,42,2,4,0,2,1,0,3,1.0,3712096.0,0.0,0.0,121.0,1853.0,288.0,425.0,6012.0,50.0,8760.0,25.0,113081.0,10.0
3000,27/10/2014,5,20,27,38,42,44,41,5,2,4,1,1,1,1,2,0.0,0.0,1.0,455390.0,92.0,1900.0,199.0,480.0,4967.0,50.0,5927.0,25.0,95542.0,10.0
2997,16/10/2014,4,9,31,34,40,44,35,31,2,4,2,0,0,3,1,0.0,0.0,2.0,119110.0,83.0,1974.0,216.0,414.0,5635.0,50.0,5731.0,25.0,90370.0,10.0
2996,13/10/2014,19,28,31,43,45,48,41,28,4,2,0,1,1,1,3,0.0,0.0,1.0,216057.0,61.0,2436.0,108.0,751.0,3414.0,50.0,4846.0,25.0,69704.0,10.0
2995,9/10/2014,11,12,25,28,34,47,15,"12,25,34",3,3,0,2,2,1,1,1.0,2085106.0,1.0,280122.0,95.0,2028.0,239.0,440.0,5400.0,50.0,7553.0,25.0,102478.0,10.0
