Draw,Date,Winning Number 1,Winning Number 2,Winning Number 3,Winning Number 4,Winning Number 5,Winning Number 6,Additional Number ,From Last,Odd,Even, 1-10, 11-20, 21-30, 31-40, 41-50
3766,19/5/2022,5,8,13,20,21,46,31,"21,46",3,3,2,2,1,0,1
3765,16/5/2022,21,22,40,41,42,46,9,"41,46",2,4,0,0,2,1,3
3764,12/5/2022,15,20,36,38,41,46,10,15,2,4,0,2,0,2,2
3763,9/5/2022,5,12,15,21,30,39,6,39,4,2,1,2,2,1,0
3762,5/5/2022,7,13,35,39,41,45,1,35,6,0,1,1,0,2,2
3761,2/5/2022,12,14,23,32,35,38,13,,2,4,0,2,1,3,0
3760,28/4/2022,5,6,11,16,22,37,44,"6,16",3,3,2,2,1,1,0
3759,25/4/2022,6,16,26,32,39,47,23,"16,32",2,4,1,1,1,2,1
3758,21/4/2022,13,16,19,32,38,43,20,,3,3,0,3,0,2,1
3757,18/4/2022,12,20,33,39,42,48,49,,2,4,0,2,0,2,2
3756,14/4/2022,4,6,23,26,29,30,36,,2,4,2,0,4,0,0
3755,11/4/2022,2,12,18,27,36,49,6,,2,4,1,2,1,1,1
3754,7/4/2022,1,7,10,28,31,44,9,"28,31",3,3,3,0,1,1,1
3753,4/4/2022,14,15,28,31,40,42,44,,2,4,0,2,1,2,1
3752,31/3/2022,1,4,10,22,24,45,47,10,2,4,3,0,2,0,1
3751,28/3/2022,5,9,10,12,39,44,14,12,3,3,3,1,0,1,1
3750,24/3/2022,3,12,15,22,34,45,2,22,3,3,1,2,1,1,1
3749,21/3/2022,1,20,22,23,24,31,2,,3,3,1,1,3,1,0
3748,17/3/2022,5,7,30,42,47,49,17,"47,49",4,2,2,0,1,0,3
3747,14/3/2022,19,37,38,45,47,49,25,45,5,1,0,1,0,2,3
3746,10/3/2022,1,8,25,32,45,46,44,,3,3,2,0,1,1,2
3745,7/3/2022,19,22,24,28,29,42,40,24,2,4,0,1,4,0,1
3744,3/3/2022,8,13,24,30,40,44,45,,1,5,1,1,2,1,1
3743,28/2/2022,1,9,20,27,37,49,33,,5,1,2,1,1,1,1
3742,24/2/2022,4,11,15,25,41,48,14,,4,2,1,2,1,0,2
3741,21/2/2022,1,19,22,27,37,44,25,"1,19,37",4,2,1,1,2,1,1
3740,17/2/2022,1,4,19,35,37,45,49,37,5,1,2,1,0,2,1
3739,14/2/2022,10,23,29,33,37,43,8,,5,1,1,0,2,2,1
3738,11/2/2022,9,13,14,16,18,28,10,28,2,4,1,4,1,0,0
3737,7/2/2022,1,11,17,28,32,35,44,"28,32",4,2,1,2,1,2,0
3736,3/2/2022,15,28,31,32,44,49,18,,3,3,0,1,1,2,2
3735,31/1/2022,5,6,10,22,23,40,38,,2,4,3,0,2,1,0
3734,27/1/2022,7,21,27,30,32,34,39,32,3,3,1,0,3,2,0
3733,24/1/2022,1,8,10,31,32,38,39,38,2,4,3,0,0,3,0
3732,21/1/2022,2,4,11,13,28,38,49,"4,13",2,4,2,2,1,1,0
3731,17/1/2022,4,13,26,31,33,35,29,"26,35",4,2,1,1,1,3,0
3730,13/1/2022,3,6,18,20,26,35,34,,2,4,2,2,1,1,0
3729,10/1/2022,8,11,17,21,30,44,48,"8,11,44",3,3,1,2,2,0,1
3728,7/1/2022,3,8,11,20,44,49,32,20,3,3,2,2,0,0,2
3727,3/1/2022,6,12,20,33,46,47,49,12,2,4,1,2,0,1,2
3726,30/12/2021,4,7,12,13,21,35,29,13,4,2,2,2,1,1,0
3725,27/12/2021,3,9,13,23,24,44,7,44,4,2,2,1,2,0,1
3724,23/12/2021,1,21,35,39,44,45,42,,5,1,1,0,1,2,2
3723,20/12/2021,4,5,16,18,24,34,27,,1,5,2,2,1,1,0
3722,16/12/2021,6,26,27,37,40,43,49,40,3,3,1,0,2,2,1
3721,13/12/2021,5,18,19,23,40,49,20,,4,2,1,2,1,1,1
3720,9/12/2021,1,17,30,31,42,43,46,"42,43",4,2,1,1,1,1,2
3719,6/12/2021,7,16,33,37,42,43,48,,4,2,1,1,0,2,2
3718,2/12/2021,6,12,22,23,40,49,25,12,2,4,1,1,2,1,1
3717,29/11/2021,1,7,12,26,28,32,21,32,2,4,2,1,2,1,0
3716,25/11/2021,6,20,27,32,40,44,4,20,1,5,1,1,1,2,1
3715,22/11/2021,1,3,16,20,35,41,5,1,4,2,2,2,0,1,1
3714,18/11/2021,1,10,39,43,45,48,14,"43,48",4,2,2,0,0,1,3
3713,15/11/2021,23,27,31,34,43,48,1,48,4,2,0,0,2,2,2
3712,11/11/2021,5,7,12,35,48,49,2,"7,35",4,2,2,1,0,1,2
3711,8/11/2021,7,8,20,31,35,41,3,7,4,2,2,1,0,2,1
3710,4/11/2021,7,18,22,36,44,45,30,"7,22",2,4,1,1,1,1,2
3709,1/11/2021,7,15,22,24,26,37,9,,3,3,1,1,3,1,0
3708,28/10/2021,3,20,27,34,35,46,37,,3,3,1,1,1,2,1
3707,25/10/2021,4,18,24,40,43,47,48,43,2,4,1,1,1,1,2
3706,21/10/2021,7,22,23,25,42,43,18,23,4,2,1,0,3,0,2
3705,18/10/2021,5,23,24,27,44,49,26,24,4,2,1,0,3,0,2
3704,14/10/2021,10,15,16,24,45,47,19,10,3,3,1,2,1,0,2
3703,11/10/2021,10,26,27,36,37,43,42,27,3,3,1,0,2,2,1
3702,7/10/2021,1,27,28,39,40,49,33,"28,40",4,2,1,0,2,2,1
3701,4/10/2021,10,14,28,30,35,40,6,"14,30",1,5,1,1,2,2,0
3700,30/9/2021,5,8,14,26,30,44,47,44,1,5,2,1,2,0,1
3699,27/9/2021,20,28,33,38,40,44,49,44,1,5,0,1,1,3,1
3698,23/9/2021,9,35,41,42,43,44,29,,4,2,1,0,0,1,4
3697,20/9/2021,3,6,10,16,33,49,1,10,3,3,3,1,0,1,1
3696,16/9/2021,9,10,15,30,38,48,2,,2,4,2,1,1,1,1
3695,13/9/2021,6,25,26,41,42,44,37,42,2,4,1,0,2,0,3
3694,9/9/2021,5,19,30,33,37,42,38,33,4,2,1,1,1,2,1
3693,6/9/2021,1,15,31,32,33,44,20,,4,2,1,1,0,3,1
3692,2/9/2021,3,4,6,10,19,42,34,19,2,4,4,1,0,0,1
3691,30/8/2021,19,23,24,27,36,37,17,"24,37",4,2,0,1,3,2,0
3690,26/8/2021,5,18,24,37,38,49,35,5,3,3,1,1,1,2,1
3689,23/8/2021,5,17,26,27,31,48,4,,4,2,1,1,2,1,1
3688,19/8/2021,1,3,9,39,40,47,29,,5,1,3,0,0,2,1
3687,16/8/2021,10,21,28,31,37,38,6,,3,3,1,0,2,3,0
3686,12/8/2021,2,20,25,29,32,49,36,,3,3,1,1,2,1,1
3685,9/8/2021,15,24,33,34,36,40,18,,2,4,0,1,1,4,0
3684,5/8/2021,3,17,19,23,32,38,7,23,4,2,1,2,1,2,0
3683,2/8/2021,12,16,23,26,33,44,10,33,2,4,0,2,2,1,1
3682,29/7/2021,1,7,22,33,40,48,10,,3,3,2,0,1,2,1
3681,26/7/2021,3,8,30,34,39,46,44,,2,4,2,0,1,2,1
3680,22/7/2021,1,21,26,38,44,45,17,"21,44",3,3,1,0,2,1,2
3679,19/7/2021,4,10,21,33,42,44,19,,2,4,2,0,1,1,2
3678,15/7/2021,3,5,9,14,23,26,20,23,4,2,3,1,2,0,0
3677,12/7/2021,18,19,23,24,38,45,27,23,3,3,0,2,2,1,1
3676,8/7/2021,7,9,15,20,23,40,2,20,4,2,2,2,1,1,0
3675,5/7/2021,8,14,20,28,29,36,18,,1,5,1,2,2,1,0
3674,1/7/2021,4,5,9,17,31,34,8,31,4,2,3,1,0,2,0
3673,28/6/2021,14,31,32,33,38,47,45,,3,3,0,1,0,4,1
3672,24/6/2021,1,12,17,21,24,44,23,17,3,3,1,2,2,0,1
3671,21/6/2021,7,8,10,14,17,28,45,,2,4,3,2,1,0,0
3670,17/6/2021,5,12,15,30,38,43,33,5,3,3,1,2,1,1,1
3669,14/6/2021,5,16,23,24,28,45,40,24,3,3,1,1,3,0,1
3668,10/6/2021,1,9,15,22,24,42,10,,3,3,2,1,2,0,1
3667,7/6/2021,7,14,23,31,39,41,33,"7,39",5,1,1,1,1,2,1
3666,3/6/2021,1,7,21,26,30,39,40,30,4,2,2,0,3,1,0
3665,31/5/2021,14,15,18,19,30,44,6,,2,4,0,4,1,0,1
3664,27/5/2021,3,7,9,24,36,38,43,,3,3,3,0,1,2,0
3663,24/5/2021,11,18,23,31,32,33,49,"18,32",4,2,0,2,1,3,0
3662,20/5/2021,7,12,18,29,32,37,44,,3,3,1,2,1,2,0
3661,17/5/2021,5,6,11,36,41,46,8,5,3,3,2,1,0,1,2
3660,13/5/2021,2,4,5,16,39,47,24,,3,3,3,1,0,1,1
3659,10/5/2021,6,18,32,33,34,45,8,6,2,4,1,1,0,3,1
3658,6/5/2021,4,6,12,20,31,35,47,35,2,4,2,2,0,2,0
3657,3/5/2021,15,17,18,35,41,42,3,,4,2,0,3,0,1,2
3656,29/4/2021,2,19,22,29,36,43,5,"2,36",3,3,1,1,2,1,1
3655,26/4/2021,2,15,18,36,42,49,26,,2,4,1,2,0,1,2
3654,22/4/2021,3,17,22,32,38,48,41,17,2,4,1,1,1,2,1
3653,19/4/2021,8,10,16,17,20,43,32,10,2,4,2,3,0,0,1
3652,15/4/2021,10,14,23,25,35,46,39,23,3,3,1,1,2,1,1
3651,12/4/2021,4,23,27,43,48,49,47,,4,2,1,0,2,0,3
3650,8/4/2021,7,8,9,14,28,35,4,9,3,3,3,1,1,1,0
3649,5/4/2021,9,11,15,17,25,40,5,"11,15",5,1,1,3,1,1,0
3648,1/4/2021,10,11,15,21,29,44,26,15,4,2,1,2,2,0,1
3647,29/3/2021,14,15,20,23,30,35,39,20,3,3,0,3,2,1,0
3646,25/3/2021,4,16,17,20,22,44,38,"20,44",1,5,1,3,1,0,1
3645,22/3/2021,2,12,20,35,37,44,17,"2,12",2,4,1,2,0,2,1
3644,18/3/2021,2,5,12,24,25,29,3,12,3,3,2,1,3,0,0
3643,15/3/2021,12,15,19,28,35,43,44,"12,19",4,2,0,3,1,1,1
3642,11/3/2021,12,19,26,41,46,47,35,,3,3,0,2,1,0,3
3641,8/3/2021,8,13,17,27,33,40,38,,4,2,1,2,1,2,0
3640,4/3/2021,11,12,20,28,30,38,27,,1,5,0,3,2,1,0
3639,1/3/2021,5,6,7,13,25,37,30,,5,1,3,1,1,1,0
3638,26/2/2021,21,24,40,42,44,48,1,48,1,5,0,0,2,1,3
3637,22/2/2021,3,6,8,11,36,48,1,6,2,4,3,1,0,1,1
3636,18/2/2021,1,4,6,15,40,44,37,40,2,4,3,1,0,1,1
3635,15/2/2021,9,13,18,20,34,40,36,,2,4,1,3,0,2,0
3634,11/2/2021,10,23,25,28,46,49,36,"10,25",3,3,1,0,3,0,2
3633,8/2/2021,9,10,25,27,34,42,29,9,3,3,2,0,2,1,1
3632,5/2/2021,8,9,11,24,26,47,34,9,3,3,2,1,2,0,1
3631,1/2/2021,4,6,9,18,27,39,33,6,3,3,3,1,1,1,0
3630,28/1/2021,6,16,25,32,35,37,22,,3,3,1,1,1,3,0
3629,25/1/2021,8,9,12,17,33,39,48,"8,17",4,2,2,2,0,2,0
3628,21/1/2021,8,11,15,17,19,35,45,35,5,1,1,4,0,1,0
3627,18/1/2021,2,12,23,33,35,37,43,"12,23",4,2,1,1,1,3,0
3626,14/1/2021,12,21,23,25,32,44,42,,3,3,0,1,3,1,1
3625,11/1/2021,3,5,8,19,26,47,41,,4,2,3,1,1,0,1
3624,7/1/2021,1,7,9,12,32,36,17,12,3,3,3,1,0,2,0
3623,4/1/2021,4,5,8,12,27,42,14,"5,8",2,4,3,1,1,0,1
3622,1/1/2021,5,8,13,16,35,47,2,47,4,2,2,2,0,1,1
3621,28/12/2020,32,34,40,45,46,47,25,,2,4,0,0,0,3,3
3620,24/12/2020,5,11,19,21,22,37,26,,5,1,1,2,2,1,0
3619,21/12/2020,4,8,15,31,36,39,47,8,3,3,2,1,0,3,0
3618,17/12/2020,5,8,27,33,35,41,30,,5,1,2,0,1,2,1
3617,14/12/2020,6,21,29,45,47,48,15,,4,2,1,0,2,0,3
3616,10/12/2020,10,17,22,23,27,33,34,33,4,2,1,1,3,1,0
3615,7/12/2020,7,13,14,33,37,48,24,7,4,2,1,2,0,2,1
3614,3/12/2020,1,7,8,11,36,40,31,,3,3,3,1,0,2,0
3613,30/11/2020,2,3,25,33,35,49,10,"2,35",5,1,2,0,1,2,1
3612,26/11/2020,2,5,8,27,35,48,29,,3,3,3,0,1,1,1
3611,23/11/2020,1,7,11,22,30,45,48,22,4,2,2,1,2,0,1
3610,19/11/2020,3,12,22,23,34,42,49,,2,4,1,1,2,1,1
3609,16/11/2020,1,2,20,27,36,44,17,,2,4,2,1,1,1,1
3608,12/11/2020,9,11,14,22,26,35,20,,3,3,1,2,2,1,0
3607,9/11/2020,8,12,13,30,37,46,36,,2,4,1,2,1,1,1
3606,5/11/2020,3,19,25,33,40,44,37,"3,44",4,2,1,1,1,2,1
3605,2/11/2020,3,36,37,44,48,49,35,37,3,3,1,0,0,2,3
3604,29/10/2020,10,12,27,37,39,46,13,,3,3,1,1,1,2,1
3603,26/10/2020,2,8,11,19,41,49,27,11,4,2,2,2,0,0,2
3602,22/10/2020,11,25,28,30,34,36,24,"11,25",2,4,0,1,3,2,0
3601,19/10/2020,9,10,11,13,20,25,15,,4,2,2,3,1,0,0
3600,15/10/2020,14,27,28,31,46,48,7,"14,48",2,4,0,1,2,1,2
3599,12/10/2020,1,10,14,40,41,48,30,,2,4,2,1,0,1,2
3598,8/10/2020,2,3,7,12,21,34,41,7,3,3,3,1,1,1,0
3597,5/10/2020,7,10,14,15,39,44,1,"7,10",3,3,2,2,0,1,1
3596,1/10/2020,7,10,11,21,26,48,13,,3,3,2,1,2,0,1
3595,28/9/2020,5,16,27,34,41,42,49,,3,3,1,1,1,1,2
3594,24/9/2020,4,31,36,40,45,48,26,,2,4,1,0,0,3,2
3593,21/9/2020,13,16,17,20,27,38,26,,3,3,0,4,1,1,0
3592,17/9/2020,1,3,9,19,36,39,5,,5,1,3,1,0,2,0
3591,14/9/2020,2,11,13,15,28,45,36,15,4,2,1,3,1,0,1
3590,10/9/2020,15,21,27,36,39,43,45,36,5,1,0,1,2,2,1
3589,7/9/2020,9,11,19,22,36,45,23,,4,2,1,2,1,1,1
3588,3/9/2020,4,16,27,32,44,47,9,16,2,4,1,1,1,1,2
3587,31/8/2020,12,15,16,23,25,46,47,,3,3,0,3,2,0,1
3586,27/8/2020,2,10,13,32,41,43,24,41,3,3,2,1,0,1,2
3585,24/8/2020,1,19,24,26,37,41,22,"19,26",4,2,1,1,2,1,1
3584,20/8/2020,6,15,19,26,30,48,41,"15,30",2,4,1,2,2,0,1
3583,17/8/2020,1,2,15,30,35,46,38,,3,3,2,1,1,1,1
3582,13/8/2020,5,9,29,41,42,43,28,"9,29,43",5,1,2,0,1,0,3
3581,10/8/2020,9,19,20,29,36,43,38,43,4,2,1,2,1,1,1
3580,6/8/2020,10,28,35,39,41,43,44,10,4,2,1,0,1,2,2
3579,3/8/2020,1,3,10,15,32,40,7,,3,3,3,1,0,2,0
3578,30/7/2020,18,24,34,38,43,48,8,34,1,5,0,1,1,2,2
3577,27/7/2020,4,19,25,31,34,37,32,4,4,2,1,1,1,3,0
3576,23/7/2020,4,12,13,20,35,36,18,20,2,4,1,3,0,2,0
3575,20/7/2020,1,20,23,24,40,42,48,,2,4,1,1,2,1,1
3574,16/7/2020,5,18,27,28,29,37,21,37,4,2,1,1,3,1,0
3573,13/7/2020,6,22,34,35,37,43,33,,3,3,1,0,1,3,1
3572,9/7/2020,8,10,12,16,21,48,41,48,1,5,2,2,1,0,1
3571,6/7/2020,1,22,26,38,39,48,40,"38,48",2,4,1,0,2,2,1
3570,2/7/2020,3,20,36,38,43,48,16,"3,38",2,4,1,1,0,2,2
3569,29/6/2020,3,9,17,38,39,41,13,,5,1,2,1,0,2,1
3568,25/6/2020,23,37,42,43,47,49,34,"23,47",5,1,0,0,1,1,4
3567,2/4/2020,4,11,14,23,28,47,24,,3,3,1,2,2,0,1
3566,30/3/2020,1,7,17,29,30,43,31,7,5,1,2,1,2,0,1
3565,26/3/2020,7,12,13,19,42,46,29,42,3,3,1,3,0,0,2
3564,23/3/2020,10,30,35,39,42,49,18,,3,3,1,0,1,2,2
3563,19/3/2020,8,19,27,33,37,47,18,"19,47",5,1,1,1,1,2,1
3562,16/3/2020,2,15,19,40,47,48,27,,3,3,1,2,0,1,2
3561,12/3/2020,1,3,18,34,36,49,16,,3,3,2,1,0,2,1
3560,9/3/2020,4,11,14,22,29,47,6,14,3,3,1,2,2,0,1
3559,5/3/2020,12,14,30,37,38,40,42,37,1,5,0,2,1,3,0
3558,2/3/2020,11,37,39,41,42,46,43,46,4,2,0,1,0,2,3
3557,27/2/2020,10,32,35,36,46,49,40,,2,4,1,0,0,3,2
3556,24/2/2020,11,24,26,29,42,47,25,26,3,3,0,1,3,0,2
3555,20/2/2020,7,19,26,31,34,40,6,19,3,3,1,1,1,3,0
3554,17/2/2020,17,19,23,30,42,45,13,"19,23",4,2,0,2,2,0,2
3553,13/2/2020,5,7,19,23,44,48,45,,4,2,2,1,1,0,2
3552,10/2/2020,8,12,15,17,32,46,20,15,2,4,1,3,0,1,1
3551,7/2/2020,10,15,16,21,24,49,2,49,3,3,1,2,2,0,1
3550,3/2/2020,6,9,23,34,42,49,22,49,3,3,2,0,1,1,2
3549,30/1/2020,7,20,29,41,47,49,28,,5,1,1,1,1,0,3
3548,27/1/2020,3,32,38,43,46,48,34,38,2,4,1,0,0,2,3
3547,23/1/2020,9,14,36,38,40,47,30,,2,4,1,1,0,3,1
3546,20/1/2020,11,18,20,22,27,37,39,11,3,3,0,3,2,1,0
3545,17/1/2020,1,11,24,28,45,48,23,,3,3,1,1,2,0,2
3544,13/1/2020,2,3,4,13,16,33,14,,3,3,3,2,0,1,0
3543,9/1/2020,12,24,34,38,46,47,28,47,1,5,0,1,1,2,2
3542,6/1/2020,2,7,11,15,26,47,33,15,4,2,2,2,1,0,1
3541,3/1/2020,13,15,21,23,30,35,25,"13,35",5,1,0,2,3,1,0
3540,30/12/2019,3,12,13,35,36,40,33,36,3,3,1,2,0,3,0
3539,26/12/2019,8,16,20,24,25,36,13,,1,5,1,2,2,1,0
3538,23/12/2019,1,15,35,41,42,43,28,,5,1,1,1,0,1,3
3537,19/12/2019,19,21,27,36,40,44,2,40,3,3,0,1,2,2,1
3536,16/12/2019,4,10,22,23,40,42,7,22,1,5,2,0,2,1,1
3535,12/12/2019,2,22,29,33,36,45,20,22,3,3,1,0,2,2,1
3534,9/12/2019,21,22,27,30,39,44,46,30,3,3,0,0,4,1,1
3533,5/12/2019,2,9,14,26,30,47,34,14,2,4,2,1,2,0,1
3532,2/12/2019,1,14,15,25,34,35,36,34,4,2,1,2,1,2,0
3531,28/11/2019,6,30,34,45,46,48,32,"6,46",1,5,1,0,1,1,3
3530,25/11/2019,3,6,16,35,38,46,23,16,2,4,2,1,0,2,1
3529,21/11/2019,1,4,16,18,30,32,37,"1,16,30",1,5,2,2,1,1,0
3528,18/11/2019,1,16,17,20,21,30,29,"16,21",3,3,1,3,2,0,0
3527,14/11/2019,2,9,16,21,36,49,31,,3,3,2,1,1,1,1
3526,11/11/2019,3,20,29,30,39,41,6,30,4,2,1,1,2,1,1
3525,7/11/2019,5,26,28,30,34,46,42,,1,5,1,0,3,1,1
3524,4/11/2019,3,8,9,38,41,44,34,44,3,3,3,0,0,1,2
3523,31/10/2019,13,30,33,36,44,47,14,36,3,3,0,1,1,2,2
3522,28/10/2019,5,19,20,27,34,36,24,,3,3,1,2,1,2,0
3521,24/10/2019,14,24,25,29,43,44,7,,3,3,0,1,3,0,2
3520,21/10/2019,5,13,28,38,47,48,40,47,3,3,1,1,1,1,2
3519,17/10/2019,2,35,37,42,43,47,44,,4,2,1,0,0,2,3
3518,14/10/2019,4,5,14,25,26,45,29,"4,26,45",3,3,2,1,2,0,1
3517,10/10/2019,4,18,26,32,34,45,33,26,1,5,1,1,1,2,1
3516,7/10/2019,12,13,26,36,41,46,5,"12,46",2,4,0,2,1,1,2
3515,3/10/2019,1,12,24,45,46,48,29,,2,4,1,1,1,0,3
3514,30/9/2019,10,13,16,38,42,47,11,,2,4,1,2,0,1,2
3513,26/9/2019,9,19,30,34,35,46,49,9,3,3,1,1,1,2,1
3512,23/9/2019,9,10,25,29,41,44,43,,4,2,2,0,2,0,2
3511,19/9/2019,14,22,24,31,45,47,29,,3,3,0,1,2,1,2
3510,16/9/2019,9,17,29,32,36,40,30,,3,3,1,1,1,3,0
3509,12/9/2019,7,10,30,33,44,45,46,"10,44",3,3,2,0,1,1,2
3508,9/9/2019,10,19,25,36,44,49,27,,3,3,1,1,1,1,2
3507,5/9/2019,17,18,27,42,47,48,37,18,3,3,0,2,1,0,3
3506,2/9/2019,1,5,18,20,33,44,48,33,3,3,2,2,0,1,1
3505,29/8/2019,6,22,33,40,45,47,49,40,3,3,1,0,1,2,2
3504,26/8/2019,7,18,23,40,44,48,35,,2,4,1,1,1,1,2
3503,22/8/2019,1,14,25,28,29,38,31,,3,3,1,1,3,1,0
3502,19/8/2019,2,6,19,20,26,45,30,,2,4,2,2,1,0,1
3501,15/8/2019,3,11,27,29,40,42,1,,4,2,1,1,2,1,1
3500,12/8/2019,33,34,36,37,44,49,16,34,3,3,0,0,0,4,2
3499,8/8/2019,1,4,5,22,27,34,41,4,3,3,3,0,2,1,0
3498,5/8/2019,4,15,16,20,21,26,18,,2,4,1,3,2,0,0
3497,1/8/2019,3,8,22,30,31,48,42,,2,4,2,0,2,1,1
3496,29/7/2019,4,10,24,32,37,44,31,4,1,5,2,0,1,2,1
3495,25/7/2019,4,5,29,30,31,33,41,30,4,2,2,0,2,2,0
3494,22/7/2019,7,23,30,34,43,47,2,,4,2,1,0,2,1,2
3493,18/7/2019,14,20,25,28,31,42,9,,2,4,0,2,2,1,1
3492,15/7/2019,4,15,30,35,36,43,24,43,3,3,1,1,1,2,1
3491,11/7/2019,6,12,28,43,45,47,16,,3,3,1,1,1,0,3
3490,8/7/2019,9,11,22,23,24,29,49,9,4,2,1,1,4,0,0
3489,4/7/2019,7,9,21,34,36,45,27,7,4,2,2,0,1,2,1
3488,1/7/2019,5,7,27,30,38,48,15,,3,3,2,0,2,1,1
3487,27/6/2019,1,4,25,36,41,47,26,"25,41",4,2,2,0,1,1,2
3486,24/6/2019,8,17,25,32,41,48,21,"8,25",3,3,1,1,1,1,2
3485,20/6/2019,8,19,25,26,29,34,7,29,3,3,1,1,3,1,0
3484,17/6/2019,6,20,29,36,40,43,10,,2,4,1,1,1,2,1
3483,13/6/2019,1,3,10,14,22,39,24,10,3,3,3,1,1,1,0
3482,10/6/2019,10,11,15,17,19,46,4,,4,2,1,4,0,0,1
3481,6/6/2019,21,24,28,31,32,38,4,,2,4,0,0,3,3,0
3480,3/6/2019,3,4,12,19,27,30,31,"4,12,30",3,3,2,2,2,0,0
3479,30/5/2019,4,12,21,30,31,44,3,21,2,4,1,1,2,1,1
3478,27/5/2019,5,9,17,21,22,32,34,"22,32",4,2,2,1,2,1,0
3477,23/5/2019,12,20,22,31,32,46,38,46,1,5,0,2,1,2,1
3476,20/5/2019,7,18,24,46,47,48,10,7,2,4,1,1,1,0,3
3475,16/5/2019,5,7,9,15,38,45,29,,5,1,3,1,0,1,1
3474,13/5/2019,2,3,19,21,23,31,1,,5,1,2,1,2,1,0
3473,9/5/2019,5,10,11,18,26,49,4,"5,26",3,3,2,2,1,0,1
3472,6/5/2019,5,6,13,26,32,41,18,,3,3,2,1,1,1,1
3471,2/5/2019,10,15,24,35,42,47,11,10,3,3,1,1,1,1,2
3470,29/4/2019,4,10,26,31,39,48,19,,2,4,2,0,1,2,1
3469,25/4/2019,1,7,14,15,32,38,39,,3,3,2,2,0,2,0
3468,22/4/2019,12,13,19,23,24,44,14,,3,3,0,3,2,0,1
3467,18/4/2019,6,15,28,33,45,47,43,47,4,2,1,1,1,1,2
3466,15/4/2019,8,19,25,34,35,47,30,47,4,2,1,1,1,2,1
3465,11/4/2019,5,12,13,17,29,47,4,,5,1,1,3,1,0,1
3464,8/4/2019,9,19,20,24,28,49,36,20,3,3,1,2,2,0,1
3463,4/4/2019,4,17,20,21,33,39,27,,4,2,1,2,1,2,0
3462,1/4/2019,7,12,22,30,31,36,2,,2,4,1,1,2,2,0
3461,28/3/2019,2,15,20,26,29,44,43,26,2,4,1,2,2,0,1
3460,25/3/2019,6,13,23,26,34,37,15,13,3,3,1,1,2,2,0
3459,21/3/2019,2,5,12,13,15,31,36,"2,5",4,2,2,3,0,1,0
3458,18/3/2019,2,5,8,17,43,47,25,"2,17",4,2,3,1,0,0,2
3457,14/3/2019,2,4,17,21,25,46,44,,3,3,2,1,2,0,1
3456,11/3/2019,6,23,26,27,34,49,32,,3,3,1,0,3,1,1
3455,7/3/2019,1,2,13,29,41,43,34,1,5,1,2,1,1,0,2
3454,4/3/2019,1,6,7,16,39,40,12,39,3,3,3,1,0,2,0
3453,28/2/2019,20,24,27,39,43,48,8,27,3,3,0,1,2,1,2
3452,25/2/2019,9,12,27,28,38,44,10,,2,4,1,1,2,1,1
3451,22/2/2019,5,8,14,16,34,39,23,,2,4,2,2,0,2,0
3450,18/2/2019,25,26,29,31,46,49,21,,4,2,0,0,3,1,2
3449,14/2/2019,2,10,12,20,24,32,31,10,0,6,2,2,1,1,0
3448,11/2/2019,9,10,15,33,39,40,41,9,4,2,2,1,0,3,0
3447,7/2/2019,5,7,9,11,35,49,31,,6,0,3,1,0,1,1
3446,4/2/2019,6,15,21,30,46,47,34,,3,3,1,1,2,0,2
3445,1/2/2019,5,11,16,17,22,27,10,11,4,2,1,3,2,0,0
3444,28/1/2019,6,11,19,33,35,38,45,,4,2,1,2,0,3,0
3443,24/1/2019,3,4,18,32,41,44,34,,2,4,2,1,0,1,2
3442,21/1/2019,7,38,40,45,46,47,21,,3,3,1,0,0,2,3
3441,17/1/2019,5,10,22,30,42,48,13,10,1,5,2,0,2,0,2
3440,14/1/2019,10,13,21,27,34,40,41,13,3,3,1,1,2,2,0
3439,11/1/2019,1,2,13,18,41,47,46,"1,2,41",4,2,2,2,0,0,2
3438,7/1/2019,1,2,36,39,41,42,37,,3,3,2,0,0,2,2
3437,3/1/2019,12,22,26,37,40,47,33,,2,4,0,1,2,2,1
3436,31/12/2018,8,13,18,28,43,49,6,,3,3,1,2,1,0,2
3435,27/12/2018,9,19,20,30,35,46,23,,3,3,1,2,1,1,1
3434,24/12/2018,3,5,12,17,29,39,31,"12,39",5,1,2,2,1,1,0
3433,20/12/2018,7,12,15,30,33,39,48,"15,30",4,2,1,2,1,2,0
3432,17/12/2018,15,16,30,32,44,48,46,,1,5,0,2,1,1,2
3431,13/12/2018,3,11,18,23,38,47,7,,4,2,1,2,1,1,1
3430,10/12/2018,4,10,14,26,39,44,48,,1,5,2,1,1,1,1
3429,6/12/2018,5,9,16,18,23,47,19,5,4,2,2,2,1,0,1
3428,3/12/2018,5,6,7,29,37,38,23,,4,2,3,0,1,2,0
3427,29/11/2018,4,11,19,25,40,44,1,,3,3,1,2,1,1,1
3426,26/11/2018,16,22,28,31,38,46,33,,1,5,0,1,2,2,1
3425,22/11/2018,11,17,20,21,27,30,33,,4,2,0,3,3,0,0
3424,19/11/2018,2,9,14,36,46,48,5,36,1,5,2,1,0,1,2
3423,15/11/2018,21,25,27,36,39,44,18,21,4,2,0,0,3,2,1
3422,12/11/2018,4,12,21,34,41,47,33,,3,3,1,1,1,1,2
3421,8/11/2018,8,13,16,26,28,38,46,"8,28",1,5,1,2,2,1,0
3420,5/11/2018,3,8,14,28,43,49,26,28,3,3,2,1,1,0,2
3419,1/11/2018,6,27,28,41,44,48,15,"6,28",2,4,1,0,2,0,3
3418,29/10/2018,2,6,10,20,28,31,30,,1,5,3,1,1,1,0
3417,25/10/2018,7,8,13,15,35,48,30,48,4,2,2,2,0,1,1
3416,22/10/2018,5,22,24,40,43,48,2,"5,48",2,4,1,0,2,1,2
3415,18/10/2018,5,14,17,31,46,48,47,48,3,3,1,2,0,1,2
3414,15/10/2018,1,4,24,32,35,48,20,"1,24",2,4,2,0,1,2,1
3413,11/10/2018,1,16,18,24,29,46,35,18,2,4,1,2,2,0,1
3412,8/10/2018,17,18,23,39,43,49,2,23,5,1,0,2,1,1,2
3411,4/10/2018,5,12,23,32,37,42,43,"23,32",3,3,1,1,1,2,1
3410,1/10/2018,11,15,23,24,32,40,43,,3,3,0,2,2,2,0
3409,27/9/2018,2,25,29,33,42,45,20,29,4,2,1,0,2,1,2
3408,24/9/2018,6,8,17,24,29,47,34,,3,3,2,1,2,0,1
3407,20/9/2018,5,12,18,30,32,38,22,,1,5,1,2,1,2,0
3406,17/9/2018,16,21,22,24,25,27,1,16,3,3,0,1,5,0,0
3405,13/9/2018,6,16,17,40,44,48,34,"6,40",1,5,1,2,0,1,2
3404,10/9/2018,2,6,9,15,40,43,18,"2,15",3,3,3,1,0,1,1
3403,6/9/2018,2,15,17,20,23,30,45,,3,3,1,3,2,0,0
3402,3/9/2018,4,5,13,18,39,40,3,40,3,3,2,2,0,2,0
3401,30/8/2018,3,9,27,29,31,40,46,29,5,1,2,0,2,2,0
3400,27/8/2018,5,6,16,24,26,29,38,,2,4,2,1,3,0,0
3399,23/8/2018,2,3,23,30,39,41,19,,4,2,2,0,2,1,1
3398,20/8/2018,9,10,25,38,40,42,2,25,2,4,2,0,1,2,1
3397,16/8/2018,22,23,25,32,33,36,20,"22,36",3,3,0,0,3,3,0
3396,13/8/2018,1,3,6,16,22,36,17,16,2,4,3,1,1,1,0
3395,9/8/2018,13,16,20,23,39,42,28,20,3,3,0,3,1,1,1
3394,6/8/2018,7,18,20,27,36,40,15,27,2,4,1,2,1,2,0
3393,2/8/2018,1,10,15,27,41,46,35,"10,41",4,2,2,1,1,0,2
3392,30/7/2018,8,10,19,20,41,43,7,,3,3,2,2,0,0,2
3391,26/7/2018,1,9,13,17,28,40,37,"28,40",4,2,2,2,1,1,0
3390,23/7/2018,2,23,26,28,39,40,12,23,2,4,1,0,3,2,0
3389,19/7/2018,13,14,23,35,37,46,45,,4,2,0,2,1,2,1
3388,16/7/2018,4,8,19,24,32,47,22,"4,32",2,4,2,1,1,1,1
3387,12/7/2018,4,15,25,32,40,41,10,,3,3,1,1,1,2,1
3386,9/7/2018,6,23,31,38,39,43,33,,4,2,1,0,1,3,1
3385,5/7/2018,8,11,28,30,32,34,39,,1,5,1,1,2,2,0
3384,2/7/2018,12,13,26,33,35,38,23,,3,3,0,2,1,3,0
3383,28/6/2018,2,7,22,27,40,47,48,2,3,3,2,0,2,1,1
3382,25/6/2018,2,5,25,38,44,48,9,,2,4,2,0,1,1,2
3381,21/6/2018,4,6,15,24,30,35,46,15,2,4,2,1,2,1,0
3380,18/6/2018,11,15,22,23,26,43,25,,4,2,0,2,3,0,1
3379,14/6/2018,4,29,31,35,42,48,1,,3,3,1,0,1,2,2
3378,11/6/2018,16,25,30,37,44,49,34,37,3,3,0,1,2,1,2
3377,7/6/2018,12,20,29,31,37,39,42,"20,31,37",4,2,0,2,1,3,0
3376,4/6/2018,20,22,31,37,43,45,27,,4,2,0,1,1,2,2
3375,31/5/2018,11,13,24,26,47,49,33,,4,2,0,2,2,0,2
3374,28/5/2018,5,9,27,28,30,44,2,,3,3,2,0,3,0,1
3373,24/5/2018,11,25,26,34,36,42,16,,2,4,0,1,2,2,1
3372,21/5/2018,8,10,16,30,37,44,17,37,1,5,2,1,1,1,1
3371,17/5/2018,7,21,25,29,35,37,13,29,6,0,1,0,3,2,0
3370,14/5/2018,17,24,29,45,46,49,5,45,4,2,0,1,2,0,3
3369,10/5/2018,4,14,35,38,45,47,13,,3,3,1,1,0,2,2
3368,7/5/2018,2,7,12,15,23,44,34,23,3,3,2,2,1,0,1
3367,3/5/2018,14,23,28,30,32,48,8,32,1,5,0,1,3,1,1
3366,30/4/2018,7,13,18,21,32,35,14,,4,2,1,2,1,2,0
3365,26/4/2018,5,14,17,25,28,46,39,,3,3,1,2,2,0,1
3364,23/4/2018,1,30,32,36,37,41,16,"32,36",3,3,1,0,1,3,1
3363,19/4/2018,18,22,32,35,36,44,38,22,1,5,0,1,1,3,1
3362,16/4/2018,14,22,25,27,28,29,1,27,3,3,0,1,5,0,0
3361,12/4/2018,1,7,15,27,32,38,45,,4,2,2,1,1,2,0
3360,9/4/2018,18,36,40,41,43,49,28,40,3,3,0,1,0,2,3
3359,5/4/2018,3,5,21,30,32,40,34,"3,30",3,3,2,0,2,2,0
3358,2/4/2018,3,12,30,39,43,48,20,,3,3,1,1,1,1,2
3357,29/3/2018,11,15,17,21,27,33,10,27,6,0,0,3,2,1,0
3356,26/3/2018,6,13,14,27,32,36,29,"6,13,27",2,4,1,2,1,2,0
3355,22/3/2018,5,6,13,21,27,47,42,,5,1,2,1,2,0,1
3354,19/3/2018,3,18,31,39,43,46,29,,4,2,1,1,0,2,2
3353,15/3/2018,9,16,23,25,34,40,47,"9,16",3,3,1,1,2,2,0
3352,12/3/2018,9,12,15,16,29,44,2,,3,3,1,3,1,0,1
3351,8/3/2018,2,10,14,24,28,40,21,,0,6,2,1,2,1,0
3350,5/3/2018,6,15,16,30,32,39,19,,2,4,1,2,1,2,0
3349,2/3/2018,24,28,31,37,40,49,29,40,3,3,0,0,2,3,1
3348,26/2/2018,4,9,13,15,40,44,48,"4,13,15",3,3,2,2,0,1,1
3347,22/2/2018,4,12,13,15,35,46,21,,3,3,1,3,0,1,1
3346,19/2/2018,10,21,29,34,37,43,28,,4,2,1,0,2,2,1
3345,15/2/2018,16,18,30,31,36,41,1,41,2,4,0,2,1,2,1
3344,12/2/2018,12,14,19,23,37,41,3,23,4,2,0,3,1,1,1
3343,9/2/2018,8,15,16,23,40,49,18,40,3,3,1,2,1,1,1
3342,5/2/2018,25,33,38,40,42,48,27,,2,4,0,0,1,3,2
3341,1/2/2018,4,15,20,22,29,32,8,32,2,4,1,2,2,1,0
3340,29/1/2018,7,14,25,32,44,48,19,25,2,4,1,1,1,1,2
3339,25/1/2018,1,15,23,25,34,47,2,"1,15",5,1,1,1,2,1,1
3338,22/1/2018,1,2,15,29,32,49,11,2,4,2,2,1,1,1,1
3337,18/1/2018,2,6,12,17,26,40,44,"2,6",1,5,2,2,1,1,0
3336,15/1/2018,1,2,6,28,29,49,17,49,3,3,3,0,2,0,1
3335,11/1/2018,22,24,25,40,45,49,3,45,3,3,0,0,3,1,2
3334,8/1/2018,6,10,18,36,44,45,46,,1,5,2,1,0,1,2
3333,5/1/2018,3,4,13,19,23,47,5,3,5,1,2,2,1,0,1
3332,1/1/2018,3,9,16,34,45,46,49,"3,16",3,3,2,1,0,1,2
3331,28/12/2017,1,3,5,16,27,40,26,,4,2,3,1,1,1,0
3330,25/12/2017,6,7,14,17,19,29,46,,4,2,2,3,1,0,0
3329,21/12/2017,1,2,26,27,35,43,23,"2,35",4,2,2,0,2,1,1
3328,18/12/2017,2,6,10,19,31,35,34,,3,3,3,1,0,2,0
3327,14/12/2017,1,9,13,33,41,48,21,,5,1,2,1,0,1,2
3326,11/12/2017,5,12,37,39,42,43,15,37,4,2,1,1,0,2,2
3325,7/12/2017,9,10,25,37,45,46,40,,4,2,2,0,1,1,2
3324,4/12/2017,4,5,19,38,39,40,26,38,3,3,2,1,0,3,0
3323,30/11/2017,17,22,29,36,38,47,46,,3,3,0,1,2,2,1
3322,27/11/2017,7,8,23,30,42,48,38,,2,4,2,0,2,0,2
3321,23/11/2017,11,14,41,46,47,49,48,11,4,2,0,2,0,0,4
3320,20/11/2017,9,11,13,18,20,34,27,"11,13,34",3,3,1,4,0,1,0
3319,16/11/2017,11,13,16,27,34,48,30,,3,3,0,3,1,1,1
3318,13/11/2017,3,19,21,35,37,44,26,44,5,1,1,1,1,2,1
3317,9/11/2017,22,31,33,41,44,47,24,,4,2,0,0,1,2,3
3316,6/11/2017,2,8,11,15,19,32,47,32,3,3,2,3,0,1,0
3315,2/11/2017,7,17,18,30,32,47,39,30,3,3,1,2,1,1,1
3314,30/10/2017,8,20,30,43,46,48,18,,1,5,1,1,1,0,3
3313,26/10/2017,3,10,25,32,36,37,6,,3,3,2,0,1,3,0
3312,23/10/2017,2,9,23,35,38,48,20,2,3,3,2,0,1,2,1
3311,19/10/2017,2,4,15,20,26,28,24,,1,5,2,2,2,0,0
3310,16/10/2017,6,11,12,34,36,49,3,6,2,4,1,2,0,2,1
3309,12/10/2017,6,14,17,21,22,37,15,"6,14,17",3,3,1,2,2,1,0
3308,9/10/2017,6,14,17,40,43,49,48,40,3,3,1,2,0,1,2
3307,5/10/2017,9,19,23,36,40,44,20,23,3,3,1,1,1,2,1
3306,2/10/2017,2,8,17,18,23,42,1,,2,4,2,2,1,0,1
3305,28/9/2017,11,12,26,27,29,33,10,26,4,2,0,2,3,1,0
3304,25/9/2017,7,18,26,34,41,48,8,,2,4,1,1,1,1,2
3303,21/9/2017,9,14,15,28,35,37,2,15,4,2,1,2,1,2,0
3302,18/9/2017,3,15,22,24,32,43,35,15,3,3,1,1,2,1,1
3301,14/9/2017,12,15,29,36,40,45,16,,3,3,0,2,1,2,1
3300,11/9/2017,7,14,17,18,44,48,2,,2,4,1,3,0,0,2
3299,7/9/2017,13,19,20,21,32,49,27,,4,2,0,3,1,1,1
3298,4/9/2017,10,11,22,36,38,46,13,36,1,5,1,1,1,2,1
3297,31/8/2017,3,36,39,40,44,47,14,39,3,3,1,0,0,3,2
3296,28/8/2017,1,21,29,35,39,46,8,39,5,1,1,0,2,2,1
3295,24/8/2017,11,17,26,30,32,39,33,,3,3,0,2,2,2,0
3294,21/8/2017,4,7,12,18,42,47,41,47,2,4,2,2,0,0,2
3293,17/8/2017,11,15,29,39,41,47,25,39,6,0,0,2,1,1,2
3292,14/8/2017,2,8,17,22,39,46,6,"39,46",2,4,2,1,1,1,1
3291,10/8/2017,1,31,39,45,46,49,34,46,5,1,1,0,0,2,3
3290,7/8/2017,5,17,34,40,42,46,22,,2,4,1,1,0,2,2
3289,3/8/2017,14,19,22,27,32,36,40,14,2,4,0,2,2,2,0
3288,31/7/2017,11,13,14,16,30,43,47,14,3,3,0,4,1,0,1
3287,27/7/2017,14,20,24,33,37,41,18,41,3,3,0,2,1,2,1
3286,24/7/2017,2,22,23,32,35,41,7,"35,41",3,3,1,0,2,2,1
3285,20/7/2017,8,11,35,39,41,43,13,11,5,1,1,1,0,2,2
3284,17/7/2017,9,11,16,20,27,46,39,,3,3,1,3,1,0,1
3283,13/7/2017,24,30,33,34,47,49,12,,3,3,0,0,2,2,2
3282,10/7/2017,11,16,31,35,46,48,41,,3,3,0,2,0,2,2
3281,6/7/2017,2,4,7,26,40,47,35,7,2,4,3,0,1,1,1
3280,3/7/2017,5,7,9,27,31,34,40,9,5,1,3,0,1,2,0
3279,29/6/2017,2,9,13,16,29,40,46,,3,3,2,2,1,1,0
3278,26/6/2017,14,20,21,23,25,37,15,20,4,2,0,2,3,1,0
3277,22/6/2017,4,5,12,20,47,49,25,,3,3,2,2,0,0,2
3276,19/6/2017,1,23,30,34,40,42,14,23,2,4,1,0,2,2,1
3275,15/6/2017,20,21,23,37,39,47,31,"21,23",5,1,0,1,2,2,1
3274,12/6/2017,9,10,19,21,23,43,15,,5,1,2,1,2,0,1
3273,8/6/2017,5,7,22,25,34,40,1,40,3,3,2,0,2,2,0
3272,5/6/2017,15,21,23,24,39,40,18,15,4,2,0,1,3,2,0
3271,1/6/2017,9,15,17,22,44,46,2,15,3,3,1,2,1,0,2
3270,29/5/2017,13,15,16,27,36,47,24,,4,2,0,3,1,1,1
3269,25/5/2017,3,8,11,32,44,46,12,44,2,4,2,1,0,1,2
3268,22/5/2017,21,24,31,34,37,44,45,44,3,3,0,0,2,3,1
3267,18/5/2017,4,23,43,44,46,48,16,23,2,4,1,0,1,0,4
3266,15/5/2017,8,14,16,23,24,27,5,"8,27",2,4,1,2,3,0,0
3265,11/5/2017,8,9,12,18,27,45,13,45,3,3,2,2,1,0,1
3264,8/5/2017,5,21,29,30,38,45,1,,4,2,1,0,3,1,1
3263,4/5/2017,4,13,14,36,41,43,45,,3,3,1,2,0,1,2
3262,1/5/2017,8,17,24,29,32,45,14,32,3,3,1,1,2,1,1
3261,27/4/2017,4,7,15,31,32,43,37,"31,32",4,2,2,1,0,2,1
3260,24/4/2017,2,8,22,31,32,35,36,2,2,4,2,0,1,3,0
3259,20/4/2017,2,12,25,28,37,38,22,"12,25,28",2,4,1,1,2,2,0
3258,17/4/2017,12,17,25,28,36,44,3,,2,4,0,2,2,1,1
3257,13/4/2017,7,9,16,27,32,47,36,,4,2,2,1,1,1,1
3256,10/4/2017,13,19,20,23,29,31,48,20,5,1,0,3,2,1,0
3255,6/4/2017,10,12,20,27,43,46,26,,2,4,1,2,1,0,2
3254,3/4/2017,1,28,30,32,40,48,31,28,1,5,1,0,2,2,1
3253,30/3/2017,28,34,38,39,42,46,24,28,1,5,0,0,1,3,2
3252,27/3/2017,1,27,28,40,41,44,36,"28,44",3,3,1,0,2,1,2
3251,23/3/2017,5,13,18,25,28,44,16,,3,3,1,2,2,0,1
3250,20/3/2017,6,20,30,41,42,45,35,20,2,4,1,1,1,0,3
3249,16/3/2017,2,9,15,19,20,37,29,,4,2,2,3,0,1,0
3248,13/3/2017,6,28,30,35,39,42,33,6,2,4,1,0,2,2,1
3247,9/3/2017,2,6,9,17,26,46,13,,2,4,3,1,1,0,1
3246,6/3/2017,16,22,28,36,39,47,3,36,2,4,0,1,2,2,1
3245,2/3/2017,8,14,20,35,36,41,38,35,2,4,1,2,0,2,1
3244,27/2/2017,22,25,27,29,35,49,31,,5,1,0,0,4,1,1
3243,23/2/2017,7,8,9,28,41,42,29,,3,3,3,0,1,0,2
3242,20/2/2017,2,6,13,17,23,46,3,17,3,3,2,2,1,0,1
3241,16/2/2017,8,17,31,43,44,48,46,,3,3,1,1,0,1,3
3240,13/2/2017,7,10,19,23,24,33,3,"7,24",4,2,2,1,2,1,0
3239,10/2/2017,2,7,24,27,29,34,21,,3,3,2,0,3,1,0
3238,6/2/2017,9,14,17,25,30,36,44,,3,3,1,2,2,1,0
3237,2/2/2017,11,20,21,29,37,48,23,21,4,2,0,2,2,1,1
3236,30/1/2017,21,22,25,27,32,39,6,22,4,2,0,0,4,2,0
3235,26/1/2017,8,12,16,19,22,46,6,,1,5,1,3,1,0,1
3234,23/1/2017,5,14,23,28,45,49,39,"5,49",4,2,1,1,2,0,2
3233,19/1/2017,5,8,16,44,48,49,32,,2,4,2,1,0,0,3
3232,16/1/2017,2,7,17,21,35,42,16,,4,2,2,1,1,1,1
3231,12/1/2017,3,6,12,25,40,43,42,,3,3,2,1,1,1,1
3230,9/1/2017,8,29,33,34,42,49,21,33,3,3,1,0,1,2,2
3229,5/1/2017,7,15,20,33,39,44,43,,4,2,1,2,0,2,1
3228,2/1/2017,1,18,22,35,38,49,30,,3,3,1,1,1,2,1
3227,29/12/2016,2,4,34,36,42,46,15,46,0,6,2,0,0,2,2
3226,26/12/2016,8,10,18,25,28,46,23,28,1,5,2,1,2,0,1
3225,22/12/2016,3,28,37,38,44,47,46,,3,3,1,0,1,2,2
3224,19/12/2016,10,11,24,27,36,49,43,24,3,3,1,1,2,1,1
3223,15/12/2016,4,18,24,39,46,47,10,46,2,4,1,1,1,1,2
3222,12/12/2016,2,14,31,36,43,46,39,46,2,4,1,1,0,2,2
3221,8/12/2016,6,8,11,24,37,46,23,"11,24,37",2,4,2,1,1,1,1
3220,5/12/2016,5,9,11,19,24,37,36,"19,24",5,1,2,2,1,1,0
3219,1/12/2016,3,4,8,19,24,46,12,"4,24",2,4,3,1,1,0,1
3218,28/11/2016,2,4,15,24,37,48,6,2,2,4,2,1,1,1,1
3217,24/11/2016,2,3,17,19,22,40,20,40,3,3,2,2,1,1,0
3216,21/11/2016,4,21,25,40,47,48,49,21,3,3,1,0,2,1,2
3215,17/11/2016,1,21,31,36,39,43,38,31,5,1,1,0,1,3,1
3214,14/11/2016,8,10,15,31,38,40,19,,2,4,2,1,0,3,0
3213,10/11/2016,17,22,26,34,41,47,42,41,3,3,0,1,2,1,2
3212,7/11/2016,1,13,21,41,48,49,22,1,5,1,1,1,1,0,3
3211,3/11/2016,1,11,19,26,35,39,14,19,5,1,1,2,1,2,0
3210,31/10/2016,14,19,24,32,36,42,35,,1,5,0,2,1,2,1
3209,27/10/2016,3,5,8,21,40,46,30,,3,3,3,0,1,1,1
3208,24/10/2016,2,15,18,24,34,35,48,,2,4,1,2,1,2,0
3207,20/10/2016,5,14,20,23,36,49,30,,3,3,1,2,1,1,1
3206,17/10/2016,3,7,9,27,39,44,48,,5,1,3,0,1,1,1
3205,13/10/2016,16,20,31,32,40,41,13,,2,4,0,2,0,3,1
3204,10/10/2016,3,18,24,30,35,49,44,,3,3,1,1,2,1,1
3203,6/10/2016,6,13,19,25,26,39,35,6,4,2,1,2,2,1,0
3202,3/10/2016,6,9,14,27,28,46,2,,2,4,2,1,2,0,1
3201,29/9/2016,1,3,4,24,34,48,29,48,2,4,3,0,1,1,1
3200,26/9/2016,6,9,15,27,37,48,24,,4,2,2,1,1,1,1
3199,22/9/2016,8,11,28,34,40,46,48,,1,5,1,1,1,2,1
3198,19/9/2016,14,17,26,31,41,45,30,,4,2,0,2,1,1,2
3197,15/9/2016,2,20,21,25,27,38,28,,3,3,1,1,3,1,0
3196,12/9/2016,3,10,18,22,48,49,41,,2,4,2,1,1,0,2
3195,8/9/2016,4,6,11,13,26,31,17,,3,3,2,2,1,1,0
3194,5/9/2016,3,9,14,21,32,40,7,3,3,3,2,1,1,2,0
3193,1/9/2016,3,4,12,15,28,48,8,48,2,4,2,2,1,0,1
3192,29/8/2016,11,19,23,32,48,49,34,11,4,2,0,2,1,1,2
3191,25/8/2016,5,6,11,25,35,40,44,35,4,2,2,1,1,2,0
3190,22/8/2016,1,10,35,36,41,49,48,"10,36",4,2,2,0,0,2,2
3189,18/8/2016,2,10,11,21,26,36,18,,2,4,2,1,2,1,0
3188,15/8/2016,3,16,18,31,35,38,29,,3,3,1,2,0,3,0
3187,11/8/2016,13,22,30,32,45,46,29,,2,4,0,1,2,1,2
3186,8/8/2016,4,9,23,26,34,44,21,,2,4,2,0,2,1,1
3185,4/8/2016,1,8,29,31,37,42,23,37,4,2,2,0,1,2,1
3184,1/8/2016,6,14,24,36,37,39,27,"6,36",2,4,1,1,1,3,0
3183,28/7/2016,4,6,8,15,29,36,9,6,2,4,3,1,1,1,0
3182,25/7/2016,6,26,38,40,44,49,16,44,1,5,1,0,1,2,2
3181,21/7/2016,2,14,18,27,31,44,26,,2,4,1,2,1,1,1
3180,18/7/2016,8,11,22,35,36,46,43,11,2,4,1,1,1,2,1
3179,14/7/2016,2,11,14,16,31,44,19,,2,4,1,3,0,1,1
3178,11/7/2016,7,21,22,30,35,39,19,"21,30",4,2,1,0,3,2,0
3177,7/7/2016,4,6,13,15,21,30,49,,3,3,2,2,2,0,0
3176,4/7/2016,11,18,26,27,34,46,22,11,2,4,0,2,2,1,1
3175,30/6/2016,11,12,15,16,21,32,47,12,3,3,0,4,1,1,0
3174,27/6/2016,1,12,13,14,38,40,34,1,2,4,1,3,0,2,0
3173,23/6/2016,1,3,5,8,20,44,22,,3,3,4,1,0,0,1
3172,20/6/2016,4,6,14,18,19,35,42,,2,4,2,3,0,1,0
3171,16/6/2016,5,11,30,36,44,46,16,30,2,4,1,1,1,1,2
3170,13/6/2016,6,18,22,24,26,30,36,,0,6,1,1,4,0,0
3169,9/6/2016,12,21,27,28,35,43,47,12,4,2,0,1,3,1,1
3168,6/6/2016,2,7,12,19,29,36,20,,3,3,2,2,1,1,0
3167,2/6/2016,1,15,23,25,33,42,44,33,5,1,1,1,2,1,1
3166,30/5/2016,8,12,24,33,35,39,22,,3,3,1,1,1,3,0
3165,26/5/2016,7,15,19,31,32,40,47,"7,31",4,2,1,2,0,3,0
3164,23/5/2016,7,12,20,24,30,31,43,,2,4,1,2,2,1,0
3163,19/5/2016,2,17,19,23,32,49,33,,4,2,1,2,1,1,1
3162,16/5/2016,1,10,24,26,36,47,4,1,2,4,2,0,2,1,1
3161,12/5/2016,1,4,23,40,46,48,34,1,2,4,2,0,1,1,2
3160,9/5/2016,1,12,26,29,39,49,42,49,4,2,1,1,2,1,1
3159,5/5/2016,9,20,23,46,48,49,42,9,3,3,1,1,1,0,3
3158,2/5/2016,6,7,8,9,14,19,48,,3,3,4,2,0,0,0
3157,28/4/2016,3,20,26,31,34,40,30,3,2,4,1,1,1,3,0
3156,25/4/2016,1,3,4,22,37,41,31,,4,2,3,0,1,1,1
3155,21/4/2016,13,14,19,32,33,48,42,14,3,3,0,3,0,2,1
3154,18/4/2016,11,14,21,28,30,39,49,28,3,3,0,2,3,1,0
3153,14/4/2016,3,4,19,26,28,34,30,,2,4,2,1,2,1,0
3152,11/4/2016,9,13,16,18,48,49,42,,3,3,1,3,0,0,2
3151,7/4/2016,1,7,30,32,38,46,23,38,2,4,2,0,1,2,1
3150,4/4/2016,10,15,22,28,34,38,12,22,1,5,1,1,2,2,0
3149,31/3/2016,20,21,22,31,39,46,32,39,3,3,0,1,2,2,1
3148,28/3/2016,8,9,15,28,36,39,33,"9,28",3,3,2,1,1,2,0
3147,24/3/2016,4,9,28,35,38,44,36,,2,4,2,0,1,2,1
3146,21/3/2016,8,12,20,39,43,47,9,20,3,3,1,2,0,1,2
3145,17/3/2016,2,3,20,21,30,33,12,33,3,3,2,1,2,1,0
3144,14/3/2016,8,10,24,29,31,33,4,"29,33",3,3,2,0,2,2,0
3143,10/3/2016,25,29,32,33,34,49,13,33,4,2,0,0,2,3,1
3142,7/3/2016,9,18,30,33,45,47,25,33,4,2,1,1,1,1,2
3141,3/3/2016,6,14,24,33,38,41,25,,2,4,1,1,1,2,1
3140,29/2/2016,8,11,15,17,28,47,18,17,4,2,1,3,1,0,1
3139,25/2/2016,7,14,17,23,35,49,31,,5,1,1,2,1,1,1
3138,22/2/2016,10,18,22,37,39,40,46,18,2,4,1,1,1,3,0
3137,19/2/2016,16,18,20,21,27,49,23,49,3,3,0,3,2,0,1
3136,15/2/2016,3,5,29,40,43,49,21,49,5,1,2,0,1,1,2
3135,11/2/2016,7,8,17,39,46,49,13,,4,2,2,1,0,1,2
3134,8/2/2016,13,14,16,21,24,42,7,21,2,4,0,3,2,0,1
3133,4/2/2016,2,21,26,34,39,49,3,,3,3,1,0,2,2,1
3132,1/2/2016,9,10,11,22,23,32,6,22,3,3,2,1,2,1,0
3131,28/1/2016,4,20,22,40,41,48,21,"40,48",1,5,1,1,1,1,2
3130,25/1/2016,16,17,19,35,40,48,37,,3,3,0,3,0,2,1
3129,21/1/2016,2,11,23,24,33,44,28,11,3,3,1,1,2,1,1
3128,18/1/2016,4,11,40,43,48,49,17,4,3,3,1,1,0,1,3
3127,14/1/2016,1,2,4,7,28,41,18,,3,3,4,0,1,0,1
3126,11/1/2016,13,20,22,29,36,37,33,20,3,3,0,2,2,2,0
3125,7/1/2016,3,5,6,20,21,45,33,3,4,2,3,1,1,0,1
3124,4/1/2016,3,9,18,28,31,46,32,9,3,3,2,1,1,1,1
3123,31/12/2015,9,21,23,35,38,41,36,35,5,1,1,0,2,2,1
3122,28/12/2015,7,15,16,17,35,47,41,,5,1,1,3,0,1,1
3121,24/12/2015,10,20,21,27,33,46,37,,3,3,1,1,2,1,1
3120,21/12/2015,11,14,18,22,35,43,28,,3,3,0,3,1,1,1
3119,17/12/2015,2,12,17,19,20,33,27,33,3,3,1,4,0,1,0
3118,14/12/2015,6,21,25,29,33,40,31,,4,2,1,0,3,2,0
3117,10/12/2015,4,8,11,39,44,46,29,44,2,4,2,1,0,1,2
3116,7/12/2015,5,24,26,36,44,49,19,,2,4,1,0,2,1,2
3115,3/12/2015,17,20,34,37,43,48,32,37,3,3,0,2,0,2,2
3114,30/11/2015,11,31,35,37,44,46,42,"44,46",4,2,0,1,0,3,2
3113,26/11/2015,2,24,34,43,44,46,28,"44,46",1,5,1,0,1,1,3
3112,23/11/2015,5,31,36,39,44,46,43,,3,3,1,0,0,3,2
3111,19/11/2015,1,14,19,37,40,47,9,,4,2,1,2,0,2,1
3110,16/11/2015,3,5,18,41,46,48,40,41,3,3,2,1,0,0,3
3109,12/11/2015,8,10,11,12,33,41,1,,3,3,2,2,0,1,1
3108,9/11/2015,3,17,36,40,48,49,12,,3,3,1,1,0,2,2
3107,5/11/2015,2,26,27,28,37,47,17,27,3,3,1,0,3,1,1
3106,2/11/2015,1,10,18,27,35,48,30,18,3,3,2,1,1,1,1
3105,29/10/2015,7,9,18,26,36,46,43,,2,4,2,1,1,1,1
3104,26/10/2015,1,5,22,28,48,49,8,"5,22,48,49",3,3,2,0,2,0,2
3103,22/10/2015,5,16,22,29,48,49,27,,3,3,1,1,2,0,2
3102,19/10/2015,10,13,27,36,39,45,47,,4,2,1,1,1,2,1
3101,15/10/2015,7,14,23,25,28,33,31,28,4,2,1,1,3,1,0
3100,12/10/2015,6,11,17,28,41,48,19,6,3,3,1,2,1,0,2
3099,8/10/2015,6,8,15,20,25,45,22,20,3,3,2,2,1,0,1
3098,5/10/2015,1,4,7,20,26,28,18,,2,4,3,1,2,0,0
3097,1/10/2015,3,6,15,27,36,41,49,41,4,2,2,1,1,1,1
3096,28/9/2015,12,32,35,40,41,47,25,40,3,3,0,1,0,3,2
3095,24/9/2015,8,16,25,29,31,40,11,8,3,3,1,1,2,2,0
3094,21/9/2015,8,9,10,19,28,33,24,8,3,3,3,1,1,1,0
3093,17/9/2015,5,8,20,30,35,49,12,,3,3,2,1,1,1,1
3092,14/9/2015,3,13,14,19,25,31,47,,5,1,1,3,1,1,0
3091,10/9/2015,27,33,38,39,41,47,35,,5,1,0,0,1,3,2
3090,7/9/2015,1,3,12,15,26,31,16,1,4,2,2,2,1,1,0
3089,3/9/2015,1,9,10,23,24,32,5,9,3,3,3,0,2,1,0
3088,31/8/2015,5,8,9,12,18,48,24,48,2,4,3,2,0,0,1
3087,27/8/2015,13,16,19,23,25,48,11,23,4,2,0,3,2,0,1
3086,24/8/2015,5,7,8,23,29,33,42,33,5,1,3,0,2,1,0
3085,20/8/2015,3,14,19,33,38,41,22,,4,2,1,2,0,2,1
3084,17/8/2015,2,6,20,21,27,36,31,,2,4,2,1,2,1,0
3083,13/8/2015,8,10,12,34,38,48,19,"8,12",0,6,2,1,0,2,1
3082,10/8/2015,6,7,8,12,37,45,1,,3,3,3,1,0,1,1
3081,6/8/2015,11,15,20,33,38,40,8,,3,3,0,3,0,3,0
3080,3/8/2015,18,21,23,25,26,41,40,"21,25",4,2,0,1,4,0,1
3079,30/7/2015,2,10,13,21,25,49,7,,4,2,2,1,2,0,1
3078,27/7/2015,6,9,40,42,43,46,37,,2,4,2,0,0,1,3
3077,23/7/2015,4,13,18,24,34,37,48,34,2,4,1,2,1,2,0
3076,20/7/2015,3,17,25,28,34,46,27,,3,3,1,1,2,1,1
3075,16/7/2015,2,10,30,32,42,48,19,42,0,6,2,0,1,1,2
3074,13/7/2015,31,33,34,35,37,42,6,"33,42",4,2,0,0,0,5,1
3073,9/7/2015,5,24,33,38,42,44,49,,2,4,1,0,1,2,2
3072,6/7/2015,1,6,9,18,21,35,26,21,4,2,3,1,1,1,0
3071,2/7/2015,7,12,13,21,30,32,5,,3,3,1,2,2,1,0
3070,29/6/2015,2,14,15,26,29,31,8,"14,29",3,3,1,2,2,1,0
3069,25/6/2015,14,29,36,38,39,41,20,,3,3,0,1,1,3,1
3068,22/6/2015,3,18,22,33,47,49,9,,4,2,1,1,1,1,2
3067,18/6/2015,5,20,28,35,39,46,15,,3,3,1,1,1,2,1
3066,15/6/2015,9,21,26,27,29,48,20,,4,2,1,0,4,0,1
3065,11/6/2015,7,11,13,16,38,46,41,38,3,3,1,3,0,1,1
3064,8/6/2015,20,31,35,38,42,49,46,,3,3,0,1,0,3,2
3063,4/6/2015,3,6,8,14,18,41,31,14,2,4,3,2,0,0,1
3062,1/6/2015,5,9,14,29,32,36,28,5,3,3,2,1,1,2,0
3061,28/5/2015,5,13,20,26,31,38,6,"13,26",3,3,1,2,1,2,0
3060,25/5/2015,13,17,19,24,26,43,25,,4,2,0,3,2,0,1
3059,21/5/2015,6,20,22,35,36,41,8,41,2,4,1,1,1,2,1
3058,18/5/2015,17,23,32,33,41,45,15,"17,45",5,1,0,1,1,2,2
3057,14/5/2015,8,17,19,45,47,48,14,,4,2,1,2,0,0,3
3056,11/5/2015,3,6,7,20,21,23,33,,4,2,3,1,2,0,0
3055,7/5/2015,8,10,17,24,32,43,26,17,2,4,2,1,1,1,1
3054,4/5/2015,6,11,17,22,25,36,42,,3,3,1,2,2,1,0
3053,30/4/2015,18,19,28,37,46,48,4,46,2,4,0,2,1,1,2
3052,27/4/2015,2,14,30,31,46,47,12,,2,4,1,1,1,1,2
3051,23/4/2015,1,9,15,28,42,45,40,9,4,2,2,1,1,0,2
3050,20/4/2015,9,16,17,25,27,36,7,,4,2,1,2,2,1,0
3049,16/4/2015,3,4,18,32,35,48,6,32,2,4,2,1,0,2,1
3048,13/4/2015,6,13,31,32,40,43,3,"6,43",3,3,1,1,0,3,1
3047,9/4/2015,6,12,21,24,25,43,29,21,3,3,1,1,3,0,1
3046,6/4/2015,3,18,21,42,45,49,25,42,4,2,1,1,1,0,3
3045,2/4/2015,11,19,22,29,42,46,2,11,3,3,0,2,2,0,2
3044,30/3/2015,11,12,30,38,45,47,6,"30,47",3,3,0,2,1,1,2
3043,26/3/2015,5,21,30,33,39,47,43,5,5,1,1,0,2,2,1
3042,23/3/2015,1,5,14,23,40,49,33,,4,2,2,1,1,1,1
3041,19/3/2015,3,15,26,29,38,45,49,45,4,2,1,1,2,1,1
3040,16/3/2015,7,10,19,41,43,45,31,19,5,1,2,1,0,0,3
3039,12/3/2015,14,15,19,20,36,47,10,47,3,3,0,4,0,1,1
3038,9/3/2015,9,11,38,39,44,47,3,"11,38,44,47",4,2,1,1,0,2,2
3037,5/3/2015,5,10,11,38,44,47,20,44,3,3,2,1,0,1,2
3036,2/3/2015,7,12,24,27,35,44,20,,3,3,1,1,2,1,1
3035,27/2/2015,2,13,19,28,41,42,14,,3,3,1,2,1,0,2
3034,23/2/2015,1,5,14,18,24,26,29,,2,4,2,2,2,0,0
3033,19/2/2015,2,17,22,36,37,45,23,"22,36,37",3,3,1,1,1,2,1
3032,16/2/2015,19,22,33,36,37,46,8,,3,3,0,1,1,3,1
3031,12/2/2015,12,13,26,32,42,47,39,32,2,4,0,2,1,1,2
3030,9/2/2015,4,15,22,31,32,36,6,31,2,4,1,1,1,3,0
3029,5/2/2015,8,10,25,31,45,48,2,8,3,3,2,0,1,1,2
3028,2/2/2015,8,18,20,29,39,41,38,,3,3,1,2,1,1,1
3027,29/1/2015,6,15,38,40,45,49,27,6,3,3,1,1,0,2,2
3026,26/1/2015,6,23,24,30,36,46,31,,1,5,1,0,3,1,1
3025,22/1/2015,5,12,26,31,40,47,25,31,3,3,1,1,1,2,1
3024,19/1/2015,21,24,25,31,33,36,13,33,4,2,0,0,3,3,0
3023,15/1/2015,2,3,9,16,33,37,46,,4,2,3,1,0,2,0
3022,12/1/2015,25,32,41,43,47,48,7,,4,2,0,0,1,1,4
3021,8/1/2015,5,7,9,15,34,38,21,34,4,2,3,1,0,2,0
3020,5/1/2015,1,22,27,34,35,37,20,1,4,2,1,0,2,3,0
3019,1/1/2015,1,4,18,31,48,49,21,"1,4",3,3,2,1,0,1,2
3018,29/12/2014,1,4,27,42,44,47,18,"1,42",3,3,2,0,1,0,3
3017,25/12/2014,1,5,15,24,25,42,46,5,4,2,2,1,2,0,1
3016,22/12/2014,5,10,19,32,38,44,12,,2,4,2,1,0,2,1
3015,18/12/2014,9,11,13,21,27,30,42,,5,1,1,2,3,0,0
3014,15/12/2014,5,12,16,22,26,46,23,26,1,5,1,2,2,0,1
3013,11/12/2014,19,26,33,37,38,40,12,,3,3,0,1,1,4,0
3012,8/12/2014,17,21,28,29,39,47,46,17,5,1,0,1,3,1,1
3011,4/12/2014,10,17,24,31,37,40,35,,3,3,1,1,1,3,0
3010,1/12/2014,1,6,7,23,30,45,16,,4,2,3,0,2,0,1
3009,27/11/2014,5,9,18,28,44,49,24,,3,3,2,1,1,0,2
3008,24/11/2014,4,6,14,20,36,43,35,36,1,5,2,2,0,1,1
3007,20/11/2014,2,3,5,19,25,36,16,2,4,2,3,1,1,1,0
3006,17/11/2014,2,10,11,15,40,46,8,15,2,4,2,2,0,1,1
3005,13/11/2014,9,15,17,23,27,49,3,,6,0,1,2,2,0,1
3004,10/11/2014,2,16,19,29,33,42,34,2,3,3,1,2,1,1,1
3003,6/11/2014,2,22,24,38,46,47,9,"38,47",1,5,1,0,2,1,2
3002,3/11/2014,31,32,38,39,40,47,7,,3,3,0,0,0,5,1
3001,30/10/2014,12,19,26,42,45,46,23,42,2,4,0,2,1,0,3
3000,27/10/2014,5,20,27,38,42,44,41,5,2,4,1,1,1,1,2
2999,23/10/2014,5,22,25,28,33,34,32,,3,3,1,0,3,2,0
2998,20/10/2014,8,11,17,21,41,49,35,,5,1,1,2,1,0,2
2997,16/10/2014,4,9,31,34,40,44,35,31,2,4,2,0,0,3,1
2996,13/10/2014,19,28,31,43,45,48,41,28,4,2,0,1,1,1,3
2995,9/10/2014,11,12,25,28,34,47,15,"12,25,34",3,3,0,2,2,1,1
2994,6/10/2014,5,12,13,25,33,34,45,,4,2,1,2,1,2,0
2993,2/10/2014,1,6,26,40,41,45,10,,3,3,2,0,1,1,2
2992,29/9/2014,8,13,21,22,28,37,12,21,3,3,1,1,3,1,0
2991,25/9/2014,12,15,21,26,29,36,7,"29,36",3,3,0,2,3,1,0
2990,22/9/2014,9,17,18,27,29,36,31,,4,2,1,2,2,1,0
2989,18/9/2014,2,6,10,20,21,23,42,6,2,4,3,1,2,0,0
2988,15/9/2014,5,6,14,22,30,39,18,,2,4,2,1,2,1,0
2987,11/9/2014,2,13,18,19,33,36,23,,3,3,1,3,0,2,0
2986,8/9/2014,3,14,22,30,37,42,41,42,2,4,1,1,2,1,1
2985,4/9/2014,15,16,17,27,31,42,30,,4,2,0,3,1,1,1
2984,1/9/2014,4,9,32,37,40,44,10,,2,4,2,0,0,3,1
2983,28/8/2014,13,19,20,24,39,43,17,20,4,2,0,3,1,1,1
2982,25/8/2014,10,11,14,20,40,42,8,42,1,5,1,3,0,1,1
2981,21/8/2014,3,4,16,18,19,42,13,"16,18,19",2,4,2,3,0,0,1
2980,18/8/2014,16,18,19,21,37,39,32,"16,19",4,2,0,3,1,2,0
2979,14/8/2014,15,16,19,32,34,44,41,,2,4,0,3,0,2,1
2978,11/8/2014,1,7,9,24,25,31,28,,5,1,3,0,2,1,0
2977,7/8/2014,3,4,8,17,19,33,9,3,4,2,3,2,0,1,0
2976,4/8/2014,3,7,18,30,37,44,17,"3,37",3,3,2,1,1,1,1
2975,1/8/2014,3,17,37,40,41,42,15,,4,2,1,1,0,2,2
2974,28/7/2014,11,12,16,22,23,27,10,16,3,3,0,3,3,0,0
2973,24/7/2014,1,5,16,34,38,45,13,,3,3,2,1,0,2,1
2972,21/7/2014,21,22,25,32,33,36,40,,3,3,0,0,3,3,0
2971,17/7/2014,6,11,20,28,35,38,34,6,2,4,1,2,1,2,0
2970,14/7/2014,2,3,6,19,23,24,31,,3,3,3,1,2,0,0
2969,10/7/2014,5,11,16,32,37,43,15,,4,2,1,2,0,2,1
2968,7/7/2014,9,21,29,38,44,45,10,,4,2,1,0,2,1,2
2967,3/7/2014,8,24,26,28,40,43,29,,1,5,1,0,3,1,1
2966,30/6/2014,2,9,11,12,22,37,26,,3,3,2,2,1,1,0
2965,26/6/2014,17,25,29,34,39,44,38,29,4,2,0,1,2,2,1
2964,23/6/2014,4,29,30,35,37,38,10,4,3,3,1,0,2,3,0
2963,19/6/2014,4,7,11,27,39,43,37,,5,1,2,1,1,1,1
2962,16/6/2014,1,19,22,31,34,44,43,31,3,3,1,1,1,2,1
2961,12/6/2014,8,13,29,31,39,40,21,40,4,2,1,1,1,3,0
2960,9/6/2014,10,12,14,26,33,40,6,,1,5,1,2,1,2,0
2959,5/6/2014,11,13,18,19,20,36,15,19,3,3,0,5,0,1,0
2958,2/6/2014,9,19,23,35,39,45,41,19,6,0,1,1,1,2,1
2957,29/5/2014,17,19,38,40,41,42,28,17,3,3,0,2,0,2,2
2956,26/5/2014,8,10,14,17,34,37,32,,2,4,2,2,0,2,0
2955,23/5/2014,1,7,13,24,28,38,32,,3,3,2,1,2,1,0
2954,19/5/2014,5,8,18,31,32,42,34,"5,8",2,4,2,1,0,2,1
2953,15/5/2014,5,8,21,26,27,43,15,43,4,2,2,0,3,0,1
2952,12/5/2014,2,3,9,23,28,43,41,,4,2,3,0,2,0,1
2951,8/5/2014,1,11,18,32,34,41,45,,3,3,1,2,0,2,1
2950,5/5/2014,4,7,15,27,37,42,3,,4,2,2,1,1,1,1
2949,1/5/2014,6,10,11,13,29,45,23,"6,13",4,2,2,2,1,0,1
2948,28/4/2014,4,6,13,17,32,35,11,,3,3,2,2,0,2,0
2947,24/4/2014,5,8,20,27,39,40,42,,3,3,2,1,1,2,0
2946,21/4/2014,3,7,10,21,32,38,22,21,3,3,3,0,1,2,0
2945,17/4/2014,8,11,16,21,33,40,5,21,3,3,1,2,1,2,0
2944,14/4/2014,15,18,21,27,32,45,11,18,4,2,0,2,2,1,1
2943,10/4/2014,14,18,19,34,35,36,17,,2,4,0,3,0,3,0
2942,7/4/2014,5,12,20,25,26,39,1,,3,3,1,2,2,1,0
2941,3/4/2014,10,11,17,19,27,37,24,"10,11",5,1,1,3,1,1,0
2940,31/3/2014,5,10,11,23,41,43,24,5,5,1,2,1,1,0,2
2939,27/3/2014,5,8,9,15,16,21,26,16,4,2,3,2,1,0,0
2938,24/3/2014,1,4,10,16,36,42,44,,1,5,3,1,0,1,1
2937,20/3/2014,3,7,11,21,25,33,39,,6,0,2,1,2,1,0
2936,17/3/2014,1,8,14,28,32,38,5,,1,5,2,1,1,2,0
2935,13/3/2014,3,7,20,36,39,45,6,,4,2,2,1,0,2,1
2934,10/3/2014,13,15,21,29,31,33,5,29,6,0,0,2,2,2,0
2933,6/3/2014,4,7,8,24,29,42,26,"4,29",2,4,3,0,2,0,1
2932,3/3/2014,2,4,18,29,30,44,21,44,1,5,2,1,2,0,1
2931,27/2/2014,13,33,37,40,41,44,10,13,4,2,0,1,0,3,2
2930,24/2/2014,5,13,15,16,21,28,34,15,4,2,1,3,2,0,0
2929,20/2/2014,14,15,20,23,33,44,34,,3,3,0,3,1,1,1
2928,17/2/2014,1,4,5,12,30,45,9,"4,12",3,3,3,1,1,0,1
2927,14/2/2014,4,6,12,20,29,35,31,4,2,4,2,2,1,1,0
2926,10/2/2014,4,10,15,17,22,31,11,22,3,3,2,2,1,1,0
2925,6/2/2014,5,14,22,27,40,43,4,"14,22",3,3,1,1,2,1,1
2924,3/2/2014,6,14,22,31,36,44,32,,1,5,1,1,1,2,1
2923,30/1/2014,5,12,20,32,37,38,26,,2,4,1,2,0,3,0
2922,27/1/2014,6,24,27,29,40,43,4,43,3,3,1,0,3,1,1
2921,24/1/2014,2,8,11,16,36,43,19,36,2,4,2,2,0,1,1
2920,20/1/2014,1,12,27,32,33,36,26,27,3,3,1,1,1,3,0
2919,16/1/2014,26,27,34,39,41,45,28,45,4,2,0,0,2,2,2
2918,13/1/2014,3,25,33,36,42,45,10,"33,36",4,2,1,0,1,2,2
2917,9/1/2014,4,7,8,33,36,43,9,,3,3,3,0,0,2,1
2916,6/1/2014,10,17,27,28,42,45,23,10,3,3,1,1,2,0,2
2915,3/1/2014,10,11,31,37,39,43,22,,5,1,1,1,0,3,1
2914,30/12/2013,14,17,27,28,32,36,41,,2,4,0,2,2,2,0
2913,26/12/2013,2,18,20,38,43,44,28,,1,5,1,2,0,1,2
2912,23/12/2013,3,5,9,23,25,31,14,,6,0,3,0,2,1,0
2911,19/12/2013,8,11,15,27,32,43,6,27,4,2,1,2,1,1,1
2910,16/12/2013,14,17,25,27,28,40,9,,3,3,0,2,3,1,0
2909,12/12/2013,3,5,23,31,34,39,17,23,5,1,2,0,1,3,0
2908,9/12/2013,2,8,15,22,23,25,16,"15,23",3,3,2,1,3,0,0
2907,5/12/2013,15,20,23,40,42,44,22,,2,4,0,2,1,1,2
2906,2/12/2013,1,13,16,22,27,33,38,,4,2,1,2,2,1,0
2905,28/11/2013,15,20,21,28,35,43,39,28,4,2,0,2,2,1,1
2904,25/11/2013,4,17,24,28,41,42,43,,2,4,1,1,2,0,2
2903,21/11/2013,8,9,12,18,22,32,6,22,1,5,2,2,1,1,0
2902,18/11/2013,5,7,13,19,22,45,18,5,5,1,2,2,1,0,1
2901,14/11/2013,1,5,9,28,30,39,16,,4,2,3,0,2,1,0
2900,11/11/2013,8,13,16,26,29,42,40,"16,29",2,4,1,2,2,0,1
2899,7/11/2013,4,16,18,24,28,29,45,24,1,5,1,2,3,0,0
2898,4/11/2013,15,21,24,34,37,44,29,34,3,3,0,1,2,2,1
2897,31/10/2013,2,6,10,27,31,34,20,31,2,4,3,0,1,2,0
2896,28/10/2013,1,11,22,28,31,32,8,"1,31",3,3,1,1,2,2,0
2895,24/10/2013,1,16,31,38,39,45,8,45,4,2,1,1,0,3,1
2894,21/10/2013,2,7,11,19,42,45,3,42,4,2,2,2,0,0,2
2893,17/10/2013,12,16,28,30,31,42,36,,1,5,0,2,2,1,1
2892,14/10/2013,1,6,11,23,37,44,19,44,4,2,2,1,1,1,1
2891,10/10/2013,12,13,17,25,34,44,29,44,3,3,0,3,1,1,1
2890,7/10/2013,8,22,32,36,39,44,4,,1,5,1,0,1,3,1
2889,3/10/2013,2,19,21,24,25,41,29,25,4,2,1,1,3,0,1
2888,30/9/2013,4,12,25,26,36,40,39,,1,5,1,1,2,2,0
2887,26/9/2013,6,14,15,27,31,32,16,,3,3,1,2,1,2,0
2886,23/9/2013,1,16,18,21,36,41,7,,3,3,1,2,1,1,1
2885,19/9/2013,3,7,9,14,19,35,20,,5,1,3,2,0,1,0
2884,16/9/2013,1,11,13,15,21,22,33,,5,1,1,3,2,0,0
2883,12/9/2013,2,5,9,17,31,44,4,44,4,2,3,1,0,1,1
2882,9/9/2013,6,8,23,28,41,44,24,"8,41",2,4,2,0,2,0,2
2881,5/9/2013,8,19,20,27,41,45,21,"41,45",4,2,1,2,1,0,2
2880,2/9/2013,7,21,29,31,41,45,9,7,6,0,1,0,2,1,2
2879,29/8/2013,7,8,13,14,28,44,16,7,2,4,2,2,1,0,1
2878,26/8/2013,4,7,11,22,29,38,6,38,3,3,2,1,2,1,0
2877,22/8/2013,15,16,30,34,38,42,1,30,1,5,0,2,1,2,1
2876,19/8/2013,14,19,26,30,41,45,38,"19,26",3,3,0,2,2,0,2
2875,15/8/2013,6,7,19,26,31,33,35,,4,2,2,1,1,2,0
2874,12/8/2013,10,12,14,28,36,40,34,,0,6,1,2,1,2,0
2873,8/8/2013,18,25,27,33,42,43,23,,4,2,0,1,2,1,2
2872,5/8/2013,1,11,24,31,32,36,38,36,3,3,1,1,1,3,0
2871,2/8/2013,9,26,33,36,38,42,1,9,2,4,1,0,1,3,1
2870,29/7/2013,9,12,22,23,31,37,17,,4,2,1,1,2,2,0
2869,25/7/2013,1,11,25,39,41,44,2,,5,1,1,1,1,1,2
2868,22/7/2013,15,19,23,31,40,45,34,45,5,1,0,2,1,2,1
2867,18/7/2013,6,25,28,43,44,45,42,45,3,3,1,0,2,0,3
2866,15/7/2013,10,11,19,22,34,45,31,10,3,3,1,2,1,1,1
2865,11/7/2013,9,10,14,15,18,42,31,"9,14,18",2,4,2,3,0,0,1
2864,8/7/2013,9,14,18,20,32,34,45,,1,5,1,3,0,2,0
2863,4/7/2013,7,23,27,35,41,43,29,35,6,0,1,0,2,1,2
2862,1/7/2013,2,12,15,28,35,38,41,12,2,4,1,2,1,2,0
2861,27/6/2013,12,19,21,22,26,29,39,,3,3,0,2,4,0,0
2860,24/6/2013,15,17,32,36,37,42,44,37,3,3,0,2,0,3,1
2859,20/6/2013,4,5,11,26,37,45,39,5,4,2,2,1,1,1,1
2858,17/6/2013,5,16,30,32,33,41,14,,3,3,1,1,1,2,1
2857,13/6/2013,7,11,25,36,37,38,35,"11,38",4,2,1,1,1,3,0
2856,10/6/2013,11,13,23,29,31,38,21,11,5,1,0,2,2,2,0
2855,6/6/2013,11,14,16,30,32,34,19,16,1,5,0,3,1,2,0
2854,3/6/2013,2,16,18,19,25,38,23,,2,4,1,3,1,1,0
2853,30/5/2013,4,9,26,27,37,44,12,9,3,3,2,0,2,1,1
2852,27/5/2013,9,13,18,19,23,28,1,"13,19",4,2,1,3,2,0,0
2851,23/5/2013,7,13,17,19,20,26,5,7,4,2,1,4,1,0,0
2850,20/5/2013,1,7,10,23,25,35,18,,5,1,3,0,2,1,0
2849,17/5/2013,8,14,22,30,34,41,1,,1,5,1,1,2,1,1
2848,13/5/2013,1,5,7,24,27,45,3,24,5,1,3,0,2,0,1
2847,9/5/2013,2,12,22,24,31,34,10,"22,34",1,5,1,1,2,2,0
2846,6/5/2013,4,9,14,19,22,34,35,22,2,4,2,2,1,1,0
2845,2/5/2013,1,12,20,22,31,43,27,22,3,3,1,2,1,1,1
2844,29/4/2013,4,15,17,19,22,23,26,17,4,2,1,3,2,0,0
2843,25/4/2013,3,12,17,27,28,43,45,,4,2,1,2,2,0,1
2842,22/4/2013,6,11,22,31,36,41,5,11,3,3,1,1,1,2,1
2841,18/4/2013,1,11,13,24,26,44,5,26,3,3,1,2,2,0,1
2840,15/4/2013,10,26,27,32,38,42,11,27,1,5,1,0,2,2,1
2839,11/4/2013,2,3,15,27,41,45,17,,5,1,2,1,1,0,2
2838,8/4/2013,12,20,28,31,32,40,27,,1,5,0,2,1,3,0
2837,4/4/2013,16,19,22,27,36,39,12,,3,3,0,2,2,2,0
2836,1/4/2013,8,10,15,21,28,40,26,,2,4,2,1,2,1,0
2835,28/3/2013,24,30,33,35,37,38,17,38,3,3,0,0,2,4,0
2834,25/3/2013,22,23,38,41,44,45,39,"38,45",3,3,0,0,2,1,3
2833,21/3/2013,3,31,35,36,38,45,29,,4,2,1,0,0,4,1
2832,18/3/2013,2,6,8,23,27,39,4,8,3,3,3,0,2,1,0
2831,14/3/2013,8,9,13,16,22,43,24,,3,3,2,2,1,0,1
2830,11/3/2013,2,3,14,15,33,40,45,,3,3,2,2,0,2,0
2829,7/3/2013,16,20,22,25,26,27,18,20,2,4,0,2,4,0,0
2828,4/3/2013,1,11,14,20,23,36,27,1,3,3,1,3,1,1,0
2827,28/2/2013,1,10,15,34,38,41,25,10,3,3,2,1,0,2,1
2826,25/2/2013,5,6,10,21,26,37,1,,3,3,3,0,2,1,0
2825,22/2/2013,16,18,23,25,29,34,26,,3,3,0,2,3,1,0
2824,18/2/2013,4,8,14,24,31,35,45,31,2,4,2,1,1,2,0
2823,14/2/2013,6,25,28,31,38,44,23,,2,4,1,0,2,2,1
2822,11/2/2013,1,4,15,18,33,42,38,,3,3,2,2,0,1,1
2821,8/2/2013,8,10,11,25,27,43,2,,4,2,2,1,2,0,1
2820,4/2/2013,7,9,16,24,39,40,18,,3,3,2,1,1,2,0
2819,31/1/2013,3,5,36,37,42,43,17,,4,2,2,0,0,2,2
2818,28/1/2013,22,23,27,29,32,38,16,38,3,3,0,0,4,2,0
2817,24/1/2013,11,20,24,38,39,44,17,,2,4,0,2,1,2,1
2816,21/1/2013,3,4,6,29,33,35,41,,4,2,3,0,1,2,0
2815,17/1/2013,7,10,24,26,27,31,20,,3,3,2,0,3,1,0
2814,14/1/2013,13,23,30,36,40,43,41,43,3,3,0,1,2,2,1
2813,10/1/2013,4,21,26,38,41,43,16,"26,38",3,3,1,0,2,1,2
2812,7/1/2013,11,12,16,22,26,38,31,,1,5,0,3,2,1,0
2811,3/1/2013,19,30,35,42,44,45,1,"42,45",3,3,0,1,1,1,3
2810,31/12/2012,4,14,25,34,42,45,17,,2,4,1,1,1,1,2
2809,27/12/2012,17,20,22,30,36,37,16,,2,4,0,2,2,2,0
2808,24/12/2012,7,10,11,12,16,42,8,42,2,4,2,3,0,0,1
2807,20/12/2012,18,22,25,26,42,44,5,"26,44",1,5,0,1,3,0,2
2806,17/12/2012,9,20,24,26,40,44,22,26,1,5,1,1,2,1,1
2805,13/12/2012,8,12,15,26,33,42,2,"15,42",2,4,1,2,1,1,1
2804,10/12/2012,15,19,24,29,31,42,3,,4,2,0,2,2,1,1
2803,6/12/2012,3,6,10,13,23,27,17,27,4,2,3,1,2,0,0
2802,3/12/2012,14,22,27,31,33,34,1,,3,3,0,1,2,3,0
2801,29/11/2012,4,7,9,10,23,30,42,,3,3,4,0,2,0,0
2800,26/11/2012,2,12,17,29,34,39,23,,3,3,1,2,1,2,0
2799,22/11/2012,1,3,13,22,24,42,41,22,3,3,2,1,2,0,1
2798,19/11/2012,11,15,22,30,32,33,19,30,3,3,0,2,2,2,0
2797,15/11/2012,13,20,21,30,40,42,29,,2,4,0,2,2,1,1
2796,12/11/2012,9,14,18,19,25,33,32,19,4,2,1,3,1,1,0
2795,8/11/2012,3,7,19,38,41,43,12,,5,1,2,1,0,1,2
2794,5/11/2012,4,9,13,17,20,29,40,13,4,2,2,3,1,0,0
2793,1/11/2012,10,13,15,27,34,41,31,15,4,2,1,2,1,1,1
2792,29/10/2012,14,15,21,24,25,36,42,21,3,3,0,2,3,1,0
2791,25/10/2012,9,17,21,28,37,40,30,28,4,2,1,1,2,2,0
2790,22/10/2012,12,14,18,23,28,41,1,,2,4,0,3,2,0,1
2789,18/10/2012,2,5,22,26,34,36,6,,1,5,2,0,2,2,0
2788,15/10/2012,1,17,31,37,38,45,26,,5,1,1,1,0,3,1
2787,11/10/2012,5,6,22,25,27,33,17,27,4,2,2,0,3,1,0
2786,8/10/2012,11,14,17,18,27,32,35,,3,3,0,4,1,1,0
2785,4/10/2012,6,13,30,33,38,41,43,,3,3,1,1,1,2,1
2784,1/10/2012,3,7,8,16,21,24,26,,3,3,3,1,2,0,0
2783,27/9/2012,9,11,30,38,39,43,40,,4,2,1,1,1,2,1
2782,24/9/2012,5,7,10,34,36,37,32,37,3,3,3,0,0,3,0
2781,20/9/2012,13,20,22,25,33,37,41,,4,2,0,2,2,2,0
2780,17/9/2012,8,21,32,35,39,43,18,,4,2,1,0,1,3,1
2779,13/9/2012,3,14,17,22,31,44,9,,3,3,1,2,1,1,1
2778,10/9/2012,5,8,12,27,35,39,17,,4,2,2,1,1,2,0
2777,6/9/2012,4,7,9,11,21,45,27,,5,1,3,1,1,0,1
2776,3/9/2012,6,23,31,35,37,39,8,37,5,1,1,0,1,4,0
2775,30/8/2012,7,30,37,42,44,45,31,"7,42",3,3,1,0,1,1,3
2774,27/8/2012,7,9,10,19,22,42,32,22,3,3,3,1,1,0,1
2773,23/8/2012,6,22,24,25,31,37,29,,3,3,1,0,3,2,0
2772,20/8/2012,10,20,26,28,41,44,15,26,1,5,1,1,2,0,2
2771,16/8/2012,4,11,17,22,26,32,10,32,2,4,1,2,2,1,0
2770,13/8/2012,20,27,32,40,41,44,22,41,2,4,0,1,1,2,2
2769,9/8/2012,1,4,6,12,25,41,16,,3,3,3,1,1,0,1
2768,6/8/2012,10,15,22,28,30,40,25,15,1,5,1,1,3,1,0
2767,2/8/2012,4,8,12,15,23,27,26,,3,3,2,2,2,0,0
2766,30/7/2012,11,28,32,37,43,45,13,32,4,2,0,1,1,2,2
2765,26/7/2012,1,8,22,25,32,36,34,1,2,4,2,0,2,2,0
2764,23/7/2012,1,4,21,23,39,44,42,"4,39",4,2,2,0,2,1,1
2763,20/7/2012,4,31,33,37,39,45,41,33,5,1,1,0,0,4,1
2762,16/7/2012,5,12,17,18,33,40,15,,3,3,1,3,0,2,0
2761,12/7/2012,2,3,19,21,23,45,25,45,5,1,2,1,2,0,1
2760,9/7/2012,9,16,22,26,33,45,43,33,3,3,1,1,2,1,1
2759,5/7/2012,29,33,34,37,42,44,17,29,3,3,0,0,1,3,2
2758,2/7/2012,7,10,12,29,35,38,8,12,3,3,2,1,1,2,0
2757,28/6/2012,12,15,16,21,25,26,8,,3,3,0,3,3,0,0
2756,25/6/2012,8,18,19,30,31,38,14,"8,18",2,4,1,2,1,2,0
2755,21/6/2012,6,8,10,14,18,21,43,8,1,5,3,2,1,0,0
2754,18/6/2012,1,2,8,9,16,33,12,16,3,3,4,1,0,1,0
2753,14/6/2012,16,17,25,27,28,35,45,35,4,2,0,2,3,1,0
2752,11/6/2012,1,3,9,11,35,38,6,,5,1,3,1,0,2,0
2751,7/6/2012,5,8,19,20,23,30,16,20,3,3,2,2,2,0,0
2750,4/6/2012,11,12,17,20,40,41,10,,3,3,0,4,0,1,1
2749,31/5/2012,7,13,15,19,38,43,14,43,5,1,1,3,0,1,1
2748,28/5/2012,5,8,17,22,35,43,1,22,4,2,2,1,1,1,1
2747,24/5/2012,13,22,30,31,34,38,6,34,2,4,0,1,2,3,0
2746,21/5/2012,4,7,27,34,36,42,11,,2,4,2,0,1,2,1
2745,18/5/2012,9,17,18,32,33,44,4,,3,3,1,2,0,2,1
2744,14/5/2012,8,14,22,24,29,41,43,"8,22",2,4,1,1,3,0,1
2743,10/5/2012,8,9,11,20,22,38,5,8,2,4,2,2,1,1,0
2742,7/5/2012,8,12,28,29,32,42,24,,1,5,1,1,2,1,1
2741,3/5/2012,2,3,9,13,14,39,8,,4,2,3,2,0,1,0
2740,30/4/2012,5,15,29,36,37,45,25,,5,1,1,1,1,2,1
2739,26/4/2012,4,9,14,26,30,43,12,9,2,4,2,1,2,0,1
2738,23/4/2012,1,9,10,15,17,34,19,"9,15",4,2,3,2,0,1,0
2737,19/4/2012,9,15,18,21,26,30,39,,3,3,1,2,3,0,0
2736,16/4/2012,1,11,27,37,43,44,12,,5,1,1,1,1,1,2
2735,12/4/2012,22,31,34,36,38,39,43,,2,4,0,0,1,5,0
2734,9/4/2012,1,2,19,24,42,45,32,,3,3,2,1,1,0,2
2733,5/4/2012,12,13,17,36,43,44,41,44,3,3,0,3,0,1,2
2732,2/4/2012,1,18,21,31,42,44,28,1,3,3,1,1,1,1,2
2731,29/3/2012,1,19,33,36,37,40,5,40,4,2,1,1,0,4,0
2730,26/3/2012,2,4,5,15,30,40,1,,2,4,3,1,1,1,0
2729,22/3/2012,7,12,21,34,39,42,14,,3,3,1,1,1,2,1
2728,19/3/2012,6,8,13,19,23,29,44,8,4,2,2,2,2,0,0
2727,15/3/2012,2,8,15,21,27,35,7,,4,2,2,1,2,1,0
2726,12/3/2012,1,11,20,25,26,36,33,11,3,3,1,2,2,1,0
2725,8/3/2012,5,11,38,39,41,45,1,,5,1,1,1,0,2,2
2724,5/3/2012,8,13,17,25,27,29,11,17,5,1,1,2,3,0,0
2723,1/3/2012,11,12,17,23,30,31,41,17,4,2,0,3,2,1,0
2722,27/2/2012,9,14,17,32,33,45,7,,4,2,1,2,0,2,1
2721,23/2/2012,12,20,25,38,43,44,15,20,2,4,0,2,1,1,2
2720,20/2/2012,2,17,20,33,36,37,42,20,3,3,1,2,0,3,0
2719,16/2/2012,12,13,20,21,24,35,30,,3,3,0,3,2,1,0
2718,13/2/2012,4,7,9,17,18,23,33,9,4,2,3,2,1,0,0
2717,9/2/2012,8,9,12,31,44,45,23,9,3,3,2,1,0,1,2
2716,6/2/2012,3,4,5,9,24,29,7,3,4,2,4,0,2,0,0
2715,3/2/2012,3,19,21,27,33,34,8,33,5,1,1,1,2,2,0
2714,30/1/2012,14,17,32,33,38,41,27,,3,3,0,2,0,3,1
2713,26/1/2012,4,5,15,16,34,40,14,"5,15",2,4,2,2,0,2,0
2712,23/1/2012,5,15,17,29,31,33,32,,6,0,1,2,1,2,0
2711,20/1/2012,7,18,26,41,43,44,45,,3,3,1,1,1,0,3
2710,16/1/2012,14,27,28,29,36,40,19,,2,4,0,1,3,2,0
2709,12/1/2012,4,16,18,22,23,43,25,"22,43",2,4,1,2,2,0,1
2708,9/1/2012,9,12,21,22,28,43,33,,3,3,1,1,3,0,1
2707,5/1/2012,5,7,15,24,27,33,45,,5,1,2,1,2,1,0
2706,2/1/2012,3,20,30,36,37,43,22,,3,3,1,1,1,2,1
2705,29/12/2011,13,17,21,22,24,45,26,13,4,2,0,2,3,0,1
2704,26/12/2011,1,3,13,36,41,42,37,,4,2,2,1,0,1,2
2703,22/12/2011,7,9,26,33,39,40,30,40,4,2,2,0,1,3,0
2702,19/12/2011,3,10,37,38,40,41,21,,3,3,2,0,0,3,1
2701,15/12/2011,4,6,15,16,20,36,35,20,1,5,2,3,0,1,0
2700,12/12/2011,2,10,20,28,33,35,16,,2,4,2,1,1,2,0
2699,8/12/2011,3,5,7,17,41,45,30,,6,0,3,1,0,0,2
2698,5/12/2011,4,10,21,22,27,32,44,27,2,4,2,0,3,1,0
2697,1/12/2011,5,7,27,36,38,44,15,"7,36",3,3,2,0,1,2,1
2696,28/11/2011,7,19,20,24,33,36,6,20,3,3,1,2,1,2,0
2695,24/11/2011,13,20,32,41,43,44,21,13,3,3,0,2,0,1,3
2694,21/11/2011,6,13,17,26,36,39,7,36,3,3,1,2,1,2,0
2693,17/11/2011,12,19,23,30,36,41,10,,3,3,0,2,2,1,1
2692,14/11/2011,1,4,11,34,35,43,41,"11,34",4,2,2,1,0,2,1
2691,10/11/2011,11,18,27,30,34,44,12,27,2,4,0,2,2,1,1
2690,7/11/2011,12,13,19,20,27,28,40,12,3,3,0,4,2,0,0
2689,3/11/2011,8,12,24,39,40,41,23,24,2,4,1,1,1,2,1
2688,31/10/2011,4,7,18,23,24,35,33,18,3,3,2,1,2,1,0
2687,27/10/2011,12,18,27,28,32,42,26,"27,42",1,5,0,2,2,1,1
2686,24/10/2011,4,24,27,37,40,42,22,,2,4,1,0,2,2,1
2685,20/10/2011,5,7,21,35,38,45,24,,5,1,2,0,1,2,1
2684,17/10/2011,9,23,24,28,31,33,20,28,4,2,1,0,3,2,0
2683,13/10/2011,16,20,21,28,32,36,26,,1,5,0,2,2,2,0
2682,10/10/2011,5,11,15,19,34,35,41,19,5,1,1,3,0,2,0
2681,6/10/2011,1,13,19,21,23,37,10,1,6,0,1,2,2,1,0
2680,3/10/2011,1,18,31,32,36,43,16,,3,3,1,1,0,3,1
2679,29/9/2011,7,11,12,16,34,41,38,,3,3,1,3,0,1,1
2678,26/9/2011,8,15,17,21,33,37,18,"21,37",5,1,1,2,1,2,0
2677,22/9/2011,2,11,21,36,37,44,24,"2,44",3,3,1,1,1,2,1
2676,19/9/2011,2,9,13,17,29,44,27,,4,2,2,2,1,0,1
2675,15/9/2011,7,8,15,23,27,36,16,,4,2,2,1,2,1,0
2674,12/9/2011,6,9,17,20,24,26,28,24,2,4,2,2,2,0,0
2673,9/9/2011,2,5,14,24,28,36,18,,1,5,2,1,2,1,0
2672,5/9/2011,1,6,18,27,29,44,3,44,3,3,2,1,2,0,1
2671,1/9/2011,3,13,17,28,44,45,9,,4,2,1,2,1,0,2
2670,29/8/2011,10,11,12,16,36,38,39,10,1,5,1,3,0,2,0
2669,25/8/2011,1,5,7,10,22,26,15,,3,3,4,0,2,0,0
2668,22/8/2011,2,25,34,35,37,43,8,,4,2,1,0,1,3,1
2667,18/8/2011,3,7,18,26,29,30,43,"3,7,30",3,3,2,1,3,0,0
2666,15/8/2011,3,7,27,30,41,45,9,,5,1,2,0,2,0,2
2665,11/8/2011,1,13,22,23,24,36,12,"1,36",3,3,1,1,3,1,0
2664,8/8/2011,1,6,8,29,31,36,26,1,3,3,3,0,1,2,0
2663,4/8/2011,1,13,26,34,42,45,7,,3,3,1,1,1,1,2
2662,1/8/2011,17,20,21,22,24,30,16,,2,4,0,2,4,0,0
2661,28/7/2011,4,9,16,23,33,38,39,23,3,3,2,1,1,2,0
2660,25/7/2011,11,20,23,32,39,42,19,"11,32",3,3,0,2,1,2,1
2659,22/7/2011,11,12,17,25,27,32,42,,4,2,0,3,2,1,0
2658,18/7/2011,6,14,19,20,28,39,16,,2,4,1,3,1,1,0
2657,14/7/2011,9,10,17,23,29,45,15,9,5,1,2,1,2,0,1
2656,11/7/2011,4,9,18,19,41,44,23,"41,44",3,3,2,2,0,0,2
2655,7/7/2011,35,36,40,41,43,44,32,,3,3,0,0,0,3,3
2654,4/7/2011,11,13,19,33,37,42,17,,5,1,0,3,0,2,1
2653,30/6/2011,4,17,30,39,43,45,19,,4,2,1,1,1,1,2
2652,27/6/2011,10,13,18,27,33,44,38,,3,3,1,2,1,1,1
2651,23/6/2011,3,4,7,17,21,39,12,,5,1,3,1,1,1,0
2650,20/6/2011,2,11,14,22,32,40,42,40,1,5,1,2,1,2,0
2649,16/6/2011,10,17,29,30,40,42,26,17,2,4,1,1,2,1,1
2648,13/6/2011,17,18,24,27,41,43,12,17,4,2,0,2,2,0,2
2647,9/6/2011,8,9,17,28,29,31,26,"8,28",4,2,2,1,2,1,0
2646,6/6/2011,2,8,13,21,28,37,24,2,3,3,2,1,2,1,0
2645,2/6/2011,1,2,3,15,31,42,10,,4,2,3,1,0,1,1
2644,30/5/2011,14,17,19,28,37,44,7,"14,44",3,3,0,3,1,1,1
2643,26/5/2011,2,5,6,14,40,44,28,14,1,5,3,1,0,1,1
2642,23/5/2011,1,12,14,21,26,37,17,26,3,3,1,2,2,1,0
2641,19/5/2011,6,22,23,26,27,31,3,"22,27",3,3,1,0,4,1,0
2640,16/5/2011,16,18,22,27,35,36,11,,2,4,0,2,2,2,0
2639,12/5/2011,7,19,23,26,29,31,38,19,5,1,1,1,3,1,0
2638,9/5/2011,6,14,16,19,39,42,26,,2,4,1,3,0,1,1
2637,5/5/2011,10,26,29,34,35,41,22,"29,41",3,3,1,0,2,2,1
2636,2/5/2011,3,12,15,28,29,41,4,"12,28",4,2,1,2,2,0,1
2635,28/4/2011,12,13,16,21,28,39,2,21,3,3,0,3,2,1,0
2634,25/4/2011,2,21,23,25,27,44,43,25,4,2,1,0,4,0,1
2633,21/4/2011,24,25,32,38,39,43,2,32,3,3,0,0,2,3,1
2632,18/4/2011,2,7,10,16,29,32,18,"10,29",2,4,3,1,1,1,0
2631,14/4/2011,6,10,17,29,33,44,9,,3,3,2,1,1,1,1
2630,11/4/2011,9,15,27,28,30,40,12,28,3,3,1,1,3,1,0
2629,7/4/2011,16,22,23,25,28,43,37,22,3,3,0,1,4,0,1
2628,4/4/2011,3,4,9,22,35,45,44,"3,9",4,2,3,0,1,1,1
2627,31/3/2011,3,9,13,14,27,34,7,,4,2,2,2,1,1,0
2626,28/3/2011,11,16,23,29,30,35,40,23,4,2,0,2,3,1,0
2625,24/3/2011,7,17,23,24,26,28,18,7,3,3,1,1,4,0,0
2624,21/3/2011,7,29,31,32,38,45,3,29,4,2,1,0,1,3,1
2623,17/3/2011,2,5,22,29,33,36,4,22,3,3,2,0,2,2,0
2622,14/3/2011,22,23,24,32,35,38,2,"22,24",2,4,0,0,3,3,0
2621,10/3/2011,8,19,22,24,39,40,2,19,2,4,1,1,2,2,0
2620,7/3/2011,16,17,19,28,36,41,8,,3,3,0,3,1,1,1
2619,3/3/2011,1,6,10,31,32,45,43,,3,3,3,0,0,2,1
2618,28/2/2011,8,9,11,30,41,43,36,,4,2,2,1,1,0,2
2617,24/2/2011,7,10,13,17,36,45,16,7,4,2,2,2,0,1,1
2616,21/2/2011,6,7,16,20,28,30,26,20,1,5,2,2,2,0,0
2615,18/2/2011,18,20,27,34,35,41,1,,3,3,0,2,1,2,1
2614,14/2/2011,1,13,16,30,38,39,24,38,3,3,1,2,1,2,0
2613,10/2/2011,6,9,18,26,37,38,8,26,2,4,2,1,1,2,0
2612,7/2/2011,3,4,12,24,26,44,1,"4,24,26",1,5,2,1,2,0,1
2611,3/2/2011,2,4,13,24,26,39,14,39,2,4,2,1,2,1,0
2610,31/1/2011,6,9,19,22,39,43,27,,4,2,2,1,1,1,1
2609,28/1/2011,5,17,18,20,24,38,7,,2,4,1,3,1,1,0
2608,24/1/2011,9,15,23,28,32,40,41,"15,23,28",3,3,1,1,2,2,0
2607,20/1/2011,11,14,15,23,24,28,2,,3,3,0,3,3,0,0
2606,17/1/2011,17,22,32,36,41,45,4,"36,41",3,3,0,1,1,2,2
2605,13/1/2011,6,7,23,34,36,41,10,,3,3,2,0,1,2,1
2604,10/1/2011,4,9,20,27,28,29,16,9,3,3,2,1,3,0,0
2603,6/1/2011,9,12,25,30,31,34,27,30,3,3,1,1,2,2,0
2602,3/1/2011,5,6,18,21,23,30,37,"6,21",3,3,2,1,3,0,0
2601,30/12/2010,6,10,15,21,22,32,30,,2,4,2,1,2,1,0
2600,27/12/2010,4,7,9,11,14,20,16,11,3,3,3,3,0,0,0
2599,23/12/2010,10,11,15,21,39,44,38,,4,2,1,2,1,1,1
2598,20/12/2010,6,13,20,30,31,32,5,"6,30",2,4,1,2,1,2,0
2597,16/12/2010,6,30,35,36,41,45,26,6,3,3,1,0,1,2,2
2596,13/12/2010,6,12,17,27,34,43,9,43,3,3,1,2,1,1,1
2595,9/12/2010,11,26,30,32,41,43,40,11,3,3,0,1,2,1,2
2594,6/12/2010,1,6,11,20,24,34,2,24,2,4,2,2,1,1,0
2593,2/12/2010,4,7,24,25,35,36,13,,3,3,2,0,2,2,0
2592,29/11/2010,11,13,17,23,39,40,4,"11,23",5,1,0,3,1,2,0
2591,25/11/2010,9,11,14,23,33,35,15,,5,1,1,2,1,2,0
2590,22/11/2010,8,12,13,21,27,38,45,,3,3,1,2,2,1,0
2589,18/11/2010,3,7,10,31,36,43,25,3,4,2,3,0,0,2,1
2588,15/11/2010,3,8,29,32,35,39,24,39,4,2,2,0,1,3,0
2587,11/11/2010,10,20,27,34,39,45,25,"20,34,39",3,3,1,1,1,2,1
2586,8/11/2010,13,17,18,20,34,39,14,17,3,3,0,4,0,2,0
2585,4/11/2010,6,9,11,17,41,43,27,,5,1,2,2,0,0,2
2584,1/11/2010,18,19,21,27,30,34,37,,3,3,0,2,3,1,0
2583,28/10/2010,2,13,22,32,33,38,1,2,2,4,1,1,1,3,0
2582,25/10/2010,2,7,9,18,31,45,4,"7,18",4,2,3,1,0,1,1
2581,21/10/2010,7,15,17,18,25,27,2,,5,1,1,3,2,0,0
2580,18/10/2010,3,9,11,28,36,42,10,,3,3,2,1,1,1,1
2579,14/10/2010,8,14,25,31,40,41,29,,3,3,1,1,1,2,1
2578,11/10/2010,2,5,18,23,24,36,17,23,2,4,2,1,2,1,0
2577,7/10/2010,9,17,22,23,35,41,44,,5,1,1,1,2,1,1
2576,4/10/2010,7,10,13,16,18,19,35,16,3,3,2,4,0,0,0
2575,30/9/2010,8,16,17,25,26,43,45,16,3,3,1,2,2,0,1
2574,27/9/2010,1,16,32,34,35,42,22,1,2,4,1,1,0,3,1
2573,23/9/2010,1,3,11,13,19,37,29,,6,0,2,3,0,1,0
2572,20/9/2010,10,23,28,34,38,42,32,,1,5,1,0,2,2,1
2571,16/9/2010,1,3,17,24,29,45,8,3,5,1,2,1,2,0,1
2570,13/9/2010,3,6,15,25,28,43,44,,4,2,2,1,2,0,1
2569,9/9/2010,2,18,21,22,32,40,34,22,1,5,1,1,2,2,0
2568,6/9/2010,7,12,13,22,28,29,16,"7,12",3,3,1,2,3,0,0
2567,2/9/2010,7,12,17,18,25,27,1,12,4,2,1,3,2,0,0
2566,30/8/2010,12,16,21,29,34,40,38,34,2,4,0,2,2,2,0
2565,26/8/2010,3,28,32,34,43,45,37,43,3,3,1,0,1,2,2
2564,23/8/2010,7,9,29,37,40,43,11,43,5,1,2,0,1,2,1
2563,19/8/2010,8,19,30,31,33,43,32,43,4,2,1,1,1,2,1
2562,16/8/2010,4,12,13,15,29,43,41,"12,29",4,2,1,3,1,0,1
2561,12/8/2010,5,12,23,26,29,31,19,,4,2,1,1,3,1,0
2560,9/8/2010,11,15,16,36,38,43,40,,3,3,0,3,0,2,1
2559,5/8/2010,6,10,12,22,23,40,25,10,1,5,2,1,2,1,0
2558,2/8/2010,2,4,7,10,29,43,25,7,3,3,4,0,1,0,1
2557,29/7/2010,6,7,11,23,42,44,38,7,3,3,2,1,1,0,2
2556,26/7/2010,7,9,21,28,30,41,37,,4,2,2,0,3,0,1
2555,23/7/2010,12,14,16,23,29,40,21,,2,4,0,3,2,1,0
2554,19/7/2010,3,4,5,10,19,35,9,10,4,2,4,1,0,1,0
2553,15/7/2010,10,17,20,23,25,31,33,,4,2,1,2,2,1,0
2552,12/7/2010,3,4,14,18,26,42,33,3,1,5,2,2,1,0,1
2551,8/7/2010,3,6,9,23,38,39,14,,4,2,3,0,1,2,0
2550,5/7/2010,7,10,29,30,34,41,17,,3,3,2,0,2,1,1
2549,1/7/2010,14,22,25,36,43,44,29,,2,4,0,1,2,1,2
2548,28/6/2010,5,8,17,27,32,34,22,,3,3,2,1,1,2,0
2547,24/6/2010,2,4,13,22,25,39,1,,3,3,2,1,2,1,0
2546,21/6/2010,10,14,16,19,37,41,1,14,3,3,1,3,0,1,1
2545,17/6/2010,13,14,15,20,38,45,35,"13,14,15",3,3,0,4,0,1,1
2544,14/6/2010,7,13,14,15,18,44,28,44,3,3,1,4,0,0,1
2543,10/6/2010,20,31,35,40,43,44,17,,3,3,0,1,0,3,2
2542,7/6/2010,1,8,13,17,22,33,25,33,4,2,2,2,1,1,0
2541,3/6/2010,18,24,26,30,32,33,3,,1,5,0,1,3,2,0
2540,31/5/2010,6,7,9,12,13,44,28,12,3,3,3,2,0,0,1
2539,27/5/2010,1,5,11,12,33,38,20,33,4,2,2,2,0,2,0
2538,24/5/2010,8,19,22,23,28,33,13,8,3,3,1,1,3,1,0
2537,20/5/2010,8,12,27,31,36,40,30,31,2,4,1,1,1,3,0
2536,17/5/2010,6,16,22,23,31,33,20,23,3,3,1,1,2,2,0
2535,14/5/2010,5,12,23,37,38,43,41,12,4,2,1,1,1,2,1
2534,10/5/2010,1,12,16,18,34,36,41,,1,5,1,3,0,2,0
2533,6/5/2010,4,8,33,42,44,45,19,"42,45",2,4,2,0,0,1,3
2532,3/5/2010,1,6,19,25,42,45,8,,4,2,2,1,1,0,2
2531,29/4/2010,12,20,23,30,31,41,38,23,3,3,0,2,2,1,1
2530,26/4/2010,7,14,23,32,36,44,31,,2,4,1,1,1,2,1
2529,22/4/2010,9,26,30,31,35,43,45,"9,43",4,2,1,0,2,2,1
2528,19/4/2010,9,23,32,38,39,43,1,"23,38,43",4,2,1,0,1,3,1
2527,15/4/2010,12,13,23,26,38,43,25,,3,3,0,2,2,1,1
2526,12/4/2010,5,10,28,33,36,39,16,5,3,3,2,0,1,3,0
2525,8/4/2010,5,9,14,22,24,29,26,9,3,3,2,1,3,0,0
2524,5/4/2010,9,13,21,31,37,39,3,,6,0,1,1,1,3,0
2523,1/4/2010,4,5,6,18,28,30,21,"18,30",1,5,3,1,2,0,0
2522,29/3/2010,2,18,30,41,43,44,14,,2,4,1,1,1,0,3
2521,25/3/2010,10,13,24,29,33,42,31,29,3,3,1,1,2,1,1
2520,22/3/2010,9,12,16,23,29,31,10,31,4,2,1,2,2,1,0
2519,18/3/2010,1,4,6,30,31,32,8,"31,32",2,4,3,0,1,2,0
2518,15/3/2010,7,28,31,32,39,42,9,42,3,3,1,0,1,3,1
2517,11/3/2010,6,10,11,13,15,42,33,13,3,3,2,3,0,0,1
2516,8/3/2010,3,13,21,22,24,36,40,,3,3,1,1,3,1,0
2515,4/3/2010,4,14,23,27,43,45,24,"23,27",4,2,1,1,2,0,2
2514,1/3/2010,23,25,27,31,40,42,20,,4,2,0,0,3,2,1
2513,26/2/2010,4,17,22,26,34,37,43,37,2,4,1,1,2,2,0
2512,22/2/2010,9,18,25,37,40,43,30,"9,37",4,2,1,1,1,2,1
2511,18/2/2010,6,9,29,30,31,37,26,29,4,2,2,0,2,2,0
2510,15/2/2010,4,24,28,29,35,42,34,42,2,4,1,0,3,1,1
2509,11/2/2010,1,2,14,31,42,43,3,14,3,3,2,1,0,1,2
2508,8/2/2010,9,14,15,27,29,32,12,"29,32",4,2,1,2,2,1,0
2507,4/2/2010,24,28,29,32,39,44,12,32,2,4,0,0,3,2,1
2506,1/2/2010,3,5,15,23,32,42,30,,4,2,2,1,1,1,1
2505,28/1/2010,6,8,11,18,21,30,41,8,2,4,2,2,2,0,0
2504,25/1/2010,1,8,14,17,36,42,15,17,2,4,2,2,0,1,1
2503,21/1/2010,15,17,20,38,39,44,6,,3,3,0,3,0,2,1
2502,18/1/2010,1,16,22,24,25,36,13,36,2,4,1,1,3,1,0
2501,14/1/2010,3,26,31,34,36,41,42,"26,41",3,3,1,0,1,3,1
2500,11/1/2010,6,26,29,30,39,41,12,6,3,3,1,0,3,1,1
2499,7/1/2010,5,6,22,34,42,45,35,,2,4,2,0,1,1,2
2498,4/1/2010,11,16,20,27,30,41,26,,3,3,0,3,2,0,1
2497,31/12/2009,7,8,35,36,39,44,37,36,3,3,2,0,0,3,1
2496,28/12/2009,9,24,33,36,37,40,44,9,3,3,1,0,1,4,0
2495,24/12/2009,5,9,11,26,27,29,2,,5,1,2,1,3,0,0
2494,21/12/2009,4,8,16,17,38,42,12,,1,5,2,2,0,1,1
2493,17/12/2009,3,7,11,31,34,41,22,,5,1,2,1,0,2,1
2492,14/12/2009,2,8,14,20,21,37,3,"8,21",2,4,2,2,1,1,0
2491,10/12/2009,8,10,13,21,25,45,26,"13,45",4,2,2,1,2,0,1
2490,7/12/2009,4,13,22,27,39,45,21,13,4,2,1,1,2,1,1
2489,3/12/2009,1,8,10,12,13,14,15,1,2,4,3,3,0,0,0
2488,30/11/2009,1,17,22,35,44,45,36,17,4,2,1,1,1,1,2
2487,26/11/2009,5,11,12,17,20,30,43,"20,30",3,3,1,4,1,0,0
2486,23/11/2009,1,20,21,22,29,30,38,22,3,3,1,1,4,0,0
2485,19/11/2009,10,22,33,37,44,45,15,33,3,3,1,0,1,2,2
2484,16/11/2009,20,24,31,33,34,41,25,"20,41",3,3,0,1,1,3,1
2483,12/11/2009,16,20,26,29,40,41,18,,2,4,0,2,2,1,1
2482,9/11/2009,6,7,18,28,32,35,42,,2,4,2,1,1,2,0
2481,5/11/2009,5,13,23,25,27,37,4,"23,37",6,0,1,1,3,1,0
2480,2/11/2009,16,22,23,31,37,39,18,,4,2,0,1,2,3,0
2479,29/10/2009,1,6,25,28,29,32,24,"28,29,32",3,3,2,0,3,1,0
2478,26/10/2009,2,19,23,28,29,32,25,,3,3,1,1,3,1,0
2477,22/10/2009,13,31,34,35,40,43,1,34,4,2,0,1,0,4,1
2476,19/10/2009,5,21,22,34,36,41,9,"22,36",3,3,1,0,2,2,1
2475,15/10/2009,7,22,23,36,37,45,31,22,4,2,1,0,2,2,1
2474,12/10/2009,1,16,20,22,27,31,38,31,3,3,1,2,2,1,0
2473,8/10/2009,11,13,18,21,30,31,34,"21,30",4,2,0,3,2,1,0
2472,5/10/2009,10,14,21,30,39,44,8,10,2,4,1,1,2,1,1
2471,1/10/2009,7,10,31,33,43,45,22,45,5,1,2,0,0,2,2
2470,28/9/2009,4,6,16,21,40,45,10,4,2,4,2,1,1,1,1
2469,25/9/2009,2,4,22,29,31,39,37,,3,3,2,0,2,2,0
2468,21/9/2009,3,8,12,19,34,40,22,8,2,4,2,2,0,2,0
2467,17/9/2009,1,8,10,29,36,38,34,10,2,4,3,0,1,2,0
2466,14/9/2009,2,10,12,18,21,39,35,2,2,4,2,2,1,1,0
2465,10/9/2009,2,25,29,36,37,40,19,37,3,3,1,0,2,3,0
2464,7/9/2009,1,5,15,33,34,37,28,33,5,1,2,1,0,3,0
2463,3/9/2009,2,6,25,30,31,33,44,2,3,3,2,0,2,2,0
2462,31/8/2009,2,10,17,27,40,42,11,,2,4,2,1,1,1,1
2461,27/8/2009,6,7,9,19,32,41,8,"6,7",4,2,3,1,0,1,1
2460,24/8/2009,6,7,8,10,12,13,26,"10,12,13",2,4,4,2,0,0,0
2459,20/8/2009,3,10,12,13,16,29,17,"13,29",3,3,2,3,1,0,0
2458,17/8/2009,1,13,22,29,43,45,17,1,5,1,1,1,2,0,2
2457,13/8/2009,1,23,37,38,39,42,40,23,4,2,1,0,1,3,1
2456,10/8/2009,15,20,22,23,29,33,28,,4,2,0,2,3,1,0
2455,6/8/2009,1,6,7,8,19,31,33,31,4,2,4,1,0,1,0
2454,3/8/2009,11,21,23,31,33,44,6,,5,1,0,1,2,2,1
2453,30/7/2009,1,8,12,22,24,35,45,,2,4,2,1,2,1,0
2452,27/7/2009,4,11,32,36,39,42,12,32,2,4,1,1,0,3,1
2451,23/7/2009,15,24,25,32,33,44,29,,3,3,0,1,2,2,1
2450,20/7/2009,12,26,28,37,38,39,1,39,2,4,0,1,2,3,0
2449,16/7/2009,10,20,30,31,39,45,6,,3,3,1,1,1,2,1
2448,13/7/2009,25,26,32,36,42,43,3,32,2,4,0,0,2,2,2
2447,9/7/2009,11,13,21,32,35,44,18,32,4,2,0,2,1,2,1
2446,6/7/2009,14,16,17,29,32,34,45,14,2,4,0,3,1,2,0
2445,2/7/2009,1,3,5,14,15,25,16,,5,1,3,2,1,0,0
2444,29/6/2009,7,10,22,24,29,30,4,,2,4,2,0,4,0,0
2443,25/6/2009,5,18,23,34,37,40,12,5,3,3,1,1,1,3,0
2442,22/6/2009,5,11,16,19,28,31,14,,4,2,1,3,1,1,0
2441,18/6/2009,21,22,23,29,34,36,20,23,3,3,0,0,4,2,0
2440,15/6/2009,1,20,23,27,35,41,5,"23,35",5,1,1,1,2,1,1
2439,11/6/2009,2,16,23,35,40,42,17,"40,42",2,4,1,1,1,2,1
2438,8/6/2009,10,12,17,24,40,42,7,24,1,5,1,2,1,1,1
2437,4/6/2009,3,22,24,28,29,32,37,24,2,4,1,0,4,1,0
2436,1/6/2009,4,24,26,30,31,38,41,"4,31",1,5,1,0,3,2,0
2435,28/5/2009,2,4,19,21,22,31,8,21,3,3,2,1,2,1,0
2434,25/5/2009,7,8,21,26,30,45,15,30,3,3,2,0,3,0,1
2433,22/5/2009,12,16,23,24,30,31,25,"16,31",2,4,0,2,3,1,0
2432,18/5/2009,13,16,27,31,35,45,32,,5,1,0,2,1,2,1
2431,14/5/2009,9,12,17,28,29,30,32,,3,3,1,2,3,0,0
2430,11/5/2009,3,11,14,24,26,37,33,,3,3,1,2,2,1,0
2429,7/5/2009,5,17,29,31,42,45,10,42,5,1,1,1,1,1,2
2428,4/5/2009,2,3,4,13,16,42,35,,2,4,3,2,0,0,1
2427,30/4/2009,9,15,18,29,41,43,1,,5,1,1,2,1,0,2
2426,27/4/2009,8,20,30,31,37,38,9,30,2,4,1,1,1,3,0
2425,23/4/2009,4,18,27,30,32,42,15,"4,18",1,5,1,1,2,1,1
2424,20/4/2009,4,15,18,20,41,43,17,18,3,3,1,3,0,0,2
2423,16/4/2009,7,16,18,31,34,42,10,18,2,4,1,2,0,2,1
2422,13/4/2009,17,18,23,24,29,30,38,,3,3,0,2,4,0,0
2421,9/4/2009,20,26,34,36,37,39,29,"26,34",2,4,0,1,1,4,0
2420,6/4/2009,7,15,26,28,34,40,19,34,2,4,1,1,2,2,0
2419,2/4/2009,17,20,22,31,34,45,6,20,3,3,0,2,1,2,1
2418,30/3/2009,4,6,20,21,32,44,18,"21,32",1,5,2,1,1,1,1
2417,26/3/2009,14,21,23,32,36,40,8,14,2,4,0,1,2,3,0
2416,23/3/2009,8,14,20,30,38,45,17,,1,5,1,2,1,1,1
2415,19/3/2009,16,26,29,31,40,44,14,16,2,4,0,1,2,2,1
2414,16/3/2009,2,15,16,24,33,42,39,16,2,4,1,2,1,1,1
2413,12/3/2009,4,16,22,31,36,40,20,"4,31",1,5,1,1,1,3,0
2412,9/3/2009,3,4,10,12,30,31,9,,2,4,3,1,1,1,0
2411,5/3/2009,5,6,22,33,34,45,44,"22,45",3,3,2,0,1,2,1
2410,2/3/2009,1,19,22,28,32,45,13,32,3,3,1,1,2,1,1
2409,26/2/2009,6,10,13,32,33,35,15,,3,3,2,1,0,3,0
2408,23/2/2009,2,5,9,11,14,27,19,"9,14",4,2,3,2,1,0,0
2407,19/2/2009,9,14,33,34,39,44,35,9,3,3,1,1,0,3,1
2406,16/2/2009,4,9,21,25,41,45,37,,5,1,2,0,2,0,2
2405,12/2/2009,2,11,17,24,30,36,45,24,2,4,1,2,2,1,0
2404,9/2/2009,5,10,20,24,29,31,36,,3,3,2,1,2,1,0
2403,6/2/2009,6,14,15,28,37,43,24,43,3,3,1,2,1,1,1
2402,2/2/2009,5,13,16,27,41,43,7,"13,16",5,1,1,2,1,0,2
2401,29/1/2009,3,13,16,22,31,32,43,"3,16",3,3,1,2,1,2,0
2400,26/1/2009,3,4,11,16,41,44,1,,3,3,2,2,0,0,2
2399,22/1/2009,15,20,29,33,39,43,44,,5,1,0,2,1,2,1
2398,19/1/2009,3,8,25,30,31,45,21,,4,2,2,0,2,1,1
2397,15/1/2009,5,15,18,19,33,43,30,"5,15",5,1,1,3,0,1,1
2396,12/1/2009,2,5,6,15,28,36,16,"6,28",2,4,3,1,1,1,0
2395,8/1/2009,6,21,23,28,30,34,39,6,2,4,1,0,4,1,0
2394,5/1/2009,4,6,8,18,27,44,13,"4,27",1,5,3,1,1,0,1
2393,1/1/2009,3,4,12,22,27,39,37,"3,27",3,3,2,1,2,1,0
2392,29/12/2008,2,3,14,25,27,38,1,3,3,3,2,1,2,1,0
2391,25/12/2008,3,4,17,28,34,41,33,34,3,3,2,1,1,1,1
2390,22/12/2008,10,12,16,26,33,34,29,,1,5,1,2,1,2,0
2389,18/12/2008,1,2,6,17,18,21,10,17,3,3,3,2,1,0,0
2388,15/12/2008,17,19,28,30,32,36,29,28,2,4,0,2,2,2,0
2387,11/12/2008,2,4,6,28,42,43,39,,1,5,3,0,1,0,2
2386,8/12/2008,13,15,18,22,37,45,35,,4,2,0,3,1,1,1
2385,4/12/2008,2,9,34,39,42,43,26,,3,3,2,0,0,2,2
2384,1/12/2008,4,5,13,16,23,26,30,,3,3,2,2,2,0,0
2383,27/11/2008,9,17,18,25,41,45,29,,5,1,1,2,1,0,2
2382,24/11/2008,1,12,19,22,33,37,21,,4,2,1,2,1,2,0
2381,20/11/2008,18,24,28,29,31,38,17,24,2,4,0,1,3,2,0
2380,17/11/2008,8,17,24,30,42,43,18,,2,4,1,1,2,0,2
2379,13/11/2008,5,12,15,20,29,36,19,"12,36",3,3,1,3,1,1,0
2378,10/11/2008,3,8,12,14,36,40,24,,1,5,2,2,0,2,0
2377,6/11/2008,13,24,26,27,32,35,21,35,3,3,0,1,3,2,0
2376,3/11/2008,1,6,31,35,40,42,44,"1,35",3,3,2,0,0,3,1
2375,30/10/2008,1,9,17,23,35,38,34,1,5,1,2,1,1,2,0
2374,27/10/2008,1,3,6,7,26,39,18,39,4,2,4,0,1,1,0
2373,23/10/2008,5,11,18,24,39,41,45,18,4,2,1,2,1,1,1
2372,20/10/2008,12,16,18,23,25,35,41,23,3,3,0,3,2,1,0
2371,16/10/2008,17,23,24,38,40,44,26,"23,24",2,4,0,1,2,2,1
2370,13/10/2008,9,23,24,25,30,41,14,,4,2,1,0,4,0,1
2369,9/10/2008,2,20,31,33,38,42,15,"31,42",2,4,1,1,0,3,1
2368,6/10/2008,6,13,22,30,31,42,40,6,2,4,1,1,2,1,1
2367,2/10/2008,3,6,7,11,27,37,12,27,5,1,3,1,1,1,0
2366,29/9/2008,9,10,22,27,36,39,44,,3,3,2,0,2,2,0
2365,25/9/2008,1,15,17,26,38,42,21,,3,3,1,2,1,1,1
2364,22/9/2008,6,10,18,21,30,35,1,10,2,4,2,1,2,1,0
2363,18/9/2008,10,23,31,37,38,41,20,,4,2,1,0,1,3,1
2362,15/9/2008,11,12,13,21,25,32,2,,4,2,0,3,2,1,0
2361,11/9/2008,8,10,20,23,40,41,38,"8,20,41",2,4,2,1,1,1,1
2360,8/9/2008,8,17,20,39,41,44,43,"8,39",3,3,1,2,0,1,2
2359,4/9/2008,8,25,33,39,40,45,43,39,4,2,1,0,1,3,1
2358,1/9/2008,5,14,29,34,37,39,30,,4,2,1,1,1,3,0
2357,28/8/2008,2,11,16,32,44,45,6,,2,4,1,2,0,1,2
2356,25/8/2008,6,8,12,15,33,37,36,,3,3,2,2,0,2,0
2355,21/8/2008,5,9,19,30,41,45,22,,5,1,2,1,1,0,2
2354,18/8/2008,4,6,18,22,27,29,26,6,2,4,2,1,3,0,0
2353,14/8/2008,6,7,28,36,38,45,37,,2,4,2,0,1,2,1
2352,11/8/2008,3,11,15,23,31,42,7,,5,1,1,2,1,1,1
2351,8/8/2008,14,17,19,21,25,38,34,,4,2,0,3,2,1,0
2350,4/8/2008,4,10,12,20,42,43,24,10,1,5,2,2,0,0,2
2349,31/7/2008,9,10,14,18,30,34,11,,1,5,2,2,1,1,0
2348,28/7/2008,4,16,21,26,31,37,24,21,3,3,1,1,2,2,0
2347,24/7/2008,2,5,9,20,21,42,15,5,3,3,3,1,1,0,1
2346,21/7/2008,5,13,25,27,40,44,2,"5,25,27",4,2,1,1,2,1,1
2345,17/7/2008,5,10,25,27,36,39,40,5,4,2,2,0,2,2,0
2344,14/7/2008,5,12,17,18,38,40,22,,2,4,1,3,0,2,0
2343,10/7/2008,22,32,41,42,43,44,31,,2,4,0,0,1,1,4
2342,7/7/2008,2,18,19,21,39,45,36,45,4,2,1,2,1,1,1
2341,3/7/2008,6,11,14,15,28,45,35,,3,3,1,3,1,0,1
